molecule_chembl_id,canonical_smiles,median_ic50_nM,n_measurements
CHEMBL5417147,COC12CC3CC(CC(NC4=N/C(=C\c5ccc6ncsc6c5)C(=O)N4)(C3)C1)C2,0.0,1
CHEMBL5405059,O=C1NC(NC23CC4CC(CC(O)(C4)C2)C3)=N/C1=C\c1ccc2ncsc2c1,0.0,1
CHEMBL5404544,O=C1NC(N[C@@H](CO)c2ccccc2)=N/C1=C\c1ccc2ncsc2c1,0.0,1
CHEMBL2386747,COC(=N)c1nc2ccc3ncnc(Nc4ccc(Cl)cc4Cl)c3c2s1,0.22,8
CHEMBL5575038,O[C@@H](CNc1ncnc2ccc(-c3c[nH]c4ncccc34)cc12)c1ccccc1,0.2696,2
CHEMBL5575589,COc1ccc(Nc2ncnc3ccc(-c4c[nH]c5ncccc45)cc23)c(F)c1,0.3218,2
CHEMBL5569968,Cc1ccc2c(-c3ccc4ncnc(NC[C@H](O)c5ccccc5)c4c3)c[nH]c2n1,0.33,1
CHEMBL5567566,OC(CNc1ncnc2ccc(-c3c[nH]c4ncccc34)cc12)c1ccccc1,0.3394,2
CHEMBL2386745,COC(=N)c1nc2ccc3ncnc(Nc4ccc(F)cc4OC)c3c2s1,0.36,1
CHEMBL3894571,COC(=N)c1nc2ccc3ncnc(Nc4ccc(OC)cc4F)c3c2s1,0.36,6
CHEMBL5572106,OC[C@@H](Nc1ncnc2ccc(-c3c[nH]c4ncccc34)cc12)c1ccccc1,0.37075,2
CHEMBL5569075,C[C@@H](Nc1ncnc2ccc(-c3c[nH]c4ncccc34)cc12)c1cccc(F)c1,0.43825,2
CHEMBL5575553,Clc1ccc(Nc2ncnc3ccc(-c4c[nH]c5ncccc45)cc23)c(Cl)c1,0.43825,2
CHEMBL5574654,Fc1ccc(Nc2ncnc3ccc(-c4c[nH]c5ncccc45)cc23)c(F)c1,0.43825,2
CHEMBL5575017,c1ccc(Nc2ncnc3ccc(-c4c[nH]c5ncccc45)cc23)cc1,0.4899,2
CHEMBL5573276,C[C@@H](Nc1ncnc2ccc(-c3c[nH]c4ncccc34)cc12)c1ccccc1,0.54975,2
CHEMBL5567320,CC(C)(CNc1ncnc2ccc(-c3c[nH]c4ncccc34)cc12)C(=O)O,0.6183000000000001,2
CHEMBL5565788,OCC(Nc1ncnc2ccc(-c3c[nH]c4ncccc34)cc12)c1ccccc1,0.6305000000000001,2
CHEMBL5571982,c1ccc(CNc2ncnc3ccc(-c4c[nH]c5ncccc45)cc23)cc1,0.6305000000000001,2
CHEMBL5570661,c1ccc(CCNc2ncnc3ccc(-c4c[nH]c5ncccc45)cc23)cc1,0.64285,2
CHEMBL5565234,C[C@@H](Nc1ncnc2ccc(-c3c[nH]c4ncccc34)cc12)c1ccccc1F,0.64785,2
CHEMBL5569807,O[C@H](CNc1ncnc2ccc(-c3c[nH]c4ncccc34)cc12)c1ccccc1,0.66035,2
CHEMBL5574295,Cc1ccc2c(-c3ccc4ncnc(N[C@H](CO)c5ccccc5)c4c3)c[nH]c2n1,0.68,1
CHEMBL5563684,c1cnc2[nH]cc(-c3ccc4ncnc(NCC5CCOCC5)c4c3)c2c1,0.79215,2
CHEMBL5595817,O=C(O)C1CCN(c2ncnc3ccc(-c4c[nH]c5ncccc45)cc23)CC1,0.8114,2
CHEMBL2386748,COC(=N)c1nc2ccc3ncnc(Nc4ccc(F)cc4F)c3c2s1,0.94,4
CHEMBL2386764,COC(=N)c1nc2ccc3ncnc(Nc4ccc(C)cc4)c3c2s1,0.98,4
CHEMBL2386746,COC(=N)c1nc2ccc3ncnc(Nc4ccc(F)cc4Cl)c3c2s1,0.99,1
CHEMBL3971170,COC(=N)c1nc2ccc3ncnc(Nc4ccc(Cl)cc4F)c3c2s1,0.99,3
CHEMBL5570127,c1ccc(CNc2ncnc3ccc(-c4c[nH]c5ncccc45)cc23)nc1,0.995,2
CHEMBL6036161,CC(C)N1CCC(n2cc(C(=O)Nc3cc4cc(-c5cnn(C)c5)ccc4cn3)cn2)CC1,1.0,1
CHEMBL5975278,CC(C)Nc1cncc(-c2ccc3cnc(NC(=O)C4CCN(C)CC4)cc3c2)n1,1.0,1
CHEMBL5428651,O=C1NC(N[C@H]2C3CC4CC2C[C@](O)(C4)C3)=N/C1=C\c1ccc2ncsc2c1,1.0,1
CHEMBL5092882,Nc1cc(-c2ccc3ncsc3c2)cc(N)n1,1.0,1
CHEMBL5418722,O=C1NC(NC23CC4CC(CC(NC(=O)C5CC5)(C4)C2)C3)=N/C1=C\c1ccc2ncsc2c1,1.0,1
CHEMBL5409730,CCOC[C@@H](CC(C)C)NC1=N/C(=C\c2ccc3ncsc3c2)C(=O)N1,1.0,1
CHEMBL5422654,CC(=O)NC12CC3CC(C1)CC(NC1=N/C(=C\c4ccc5ncsc5c4)C(=O)N1)(C3)C2,1.0,1
CHEMBL4079572,Nc1nccc(-c2c[nH]c3cnccc23)n1,1.0,1
CHEMBL5400230,O=C1NC(NC23CC4CC(CC2C4)C3)=N/C1=C\c1ccc2ncsc2c1,1.0,1
CHEMBL5438293,O=C1NC(NC23CC4CC(CC(C4)C2)C3)=N/C1=C\c1ccc2ncoc2c1,1.0,1
CHEMBL5409574,CS(=O)(=O)NC12CC3CC(CC(NC4=N/C(=C\c5ccc6ncsc6c5)C(=O)N4)(C3)C1)C2,1.0,1
CHEMBL5422486,O=C1NC(NC23CC4(F)CC(F)(CC(F)(C4)C2)C3)=N/C1=C\c1ccc2ncsc2c1,1.0,1
CHEMBL5073869,Cc1oc2ccc(-c3cc(N)nc(N)c3)cc2c1C,1.0,1
CHEMBL4084955,c1cc(-c2c[nH]c3cnccc23)ccn1,1.0,1
CHEMBL6148047,COc1nc(NC2CCN(C(C)=O)CC2F)nn2ccc(-c3ccc4nnn(CC(F)F)c4c3)c12,1.0,1
CHEMBL6146477,O=c1[nH]c2ccc(-c3cncc(NCc4ccccc4)n3)cc2[nH]1,1.0,1
CHEMBL4754606,Cc1ccc(NC(=O)c2n[nH]c3ccc(-c4cncc(CN5CCCCC5)c4)cc23)cn1,1.0,1
CHEMBL4796085,CN1CCC(n2cc(NC(=O)c3n[nH]c4ccc(-c5cnn(C)c5)cc34)cn2)CC1,1.0,1
CHEMBL2386762,COC(=N)c1nc2ccc3ncnc(Nc4ccc(Cl)cc4)c3c2s1,1.13,2
CHEMBL5567190,C[C@@H](Nc1ncnc2ccc(-c3c[nH]c4ncccc34)cc12)c1cccc(Cl)c1,1.144,2
CHEMBL5091238,O=C1NC(NC23CC4CC(CC(C4)C2)C3)=N/C1=C\c1ccc2ncsc2c1,1.2,3
CHEMBL5592190,O=C(O)[C@@H]1CCCN(c2ncnc3ccc(-c4c[nH]c5ncccc45)cc23)C1,1.4375,2
CHEMBL5563031,COc1ccc(Nc2ncnc3ccc(-c4c[nH]c5ncccc45)cc23)cc1,1.5545,2
CHEMBL5203393,O=C1CCCc2[nH]c3c(Cl)cccc3c21,1.6,1
CHEMBL2386753,COC(=N)c1nc2ccc3ncnc(Nc4ccc5c(c4)OCO5)c3c2s1,1.65,3
CHEMBL5563105,c1cnc2[nH]cc(-c3ccc4ncnc(NCc5ccncc5)c4c3)c2c1,1.66,2
CHEMBL5570718,c1cnc2[nH]cc(-c3ccc4ncnc(NC5CCOCC5)c4c3)c2c1,1.665,2
CHEMBL2386763,COC(=N)c1nc2ccc3ncnc(Nc4ccccc4)c3c2s1,1.81,2
CHEMBL6150728,Cc1nc2ccc(-c3cc(N)nc(N)c3)nc2n1-c1ccccc1,2.0,1
CHEMBL5412900,CC1(C)C2CCC1(C)[C@H](NC1=N/C(=C\c3ccc4ncsc4c3)C(=O)N1)C2,2.0,1
CHEMBL5416470,C[C@@H]1[C@H]2C[C@@H](C[C@H]1NC1=N/C(=C\c3ccc4ncsc4c3)C(=O)N1)C2(C)C,2.0,1
CHEMBL5408531,Cn1cc2cc(/C=C3\N=C(NC45CC6CC(CC(C6)C4)C5)NC3=O)ccc2n1,2.0,1
CHEMBL5396550,O=C1NC(NC2CCCCC(F)(F)C2)=N/C1=C\c1ccc2ncsc2c1,2.0,1
CHEMBL5081583,Nc1cc(-c2ccn3nccc3n2)cc(N)n1,2.0,1
CHEMBL6151394,Cc1nc(Nc2ccccc2)c2c(-c3cc(N)nc(N)c3)c[nH]c2n1,2.0,1
CHEMBL5420724,O=C1NC(NC23CC4CC(CC(C4)C2)C3)=N/C1=C\c1ccc2c(c1)OCO2,2.0,1
CHEMBL5404416,O=C1NC(NC23CC4CC(CC(C4)C2)C3)=N/C1=C\c1ccc2[nH]cnc2c1,2.0,1
CHEMBL4784318,CN1CCN(c2cc(C(=O)Nc3cc4cc(-c5cnn(C)c5)ccc4cn3)ccn2)CC1,2.0,3
CHEMBL4294976,CCOc1ccccc1CNc1nc(C)nc2[nH]cc(-c3ccnc(N)c3)c12,2.1,1
CHEMBL5570714,COc1ccc(Nc2ncnc3ccc(-c4c[nH]c5nc(C)ccc45)cc23)c(F)c1,2.13,1
CHEMBL5572904,COc1ccc(Nc2ncnc3ccc(-c4c[nH]c5ncccc45)cc23)cc1F,2.2345,2
CHEMBL5565398,Fc1ccc(Nc2ncnc3ccc(-c4c[nH]c5ncccc45)cc23)cc1F,2.3995,2
CHEMBL5438158,O=C1NC(NC23CC4CC(CC(F)(C4)C2)C3)=N/C1=C\c1ccc2ncsc2c1,2.5,2
CHEMBL5426285,COC[C@@H](CC(C)C)NC1=N/C(=C\c2ccc3ncsc3c2)C(=O)N1,2.7,4
CHEMBL3915647,COC(=N)c1nc2ccc3ncnc(Nc4cc(Br)c5c(c4)OCO5)c3c2s1,2.76,1
CHEMBL5426735,CC(C)C[C@H](CF)NC1=N/C(=C\c2ccc3ncsc3c2)C(=O)N1,3.0,1
CHEMBL5414514,O=C1NC(N[C@@H]2CCCCC[C@@H]2O)=N/C1=C\c1ccc2ncsc2c1,3.0,1
CHEMBL3102952,Oc1ccc(-c2c[nH]c3ncc(-c4ccc(O)c(O)c4)cc23)cc1,3.0,1
CHEMBL4640031,C[C@@H]1CN(C(=O)Nc2cc(-c3cn([C@H]4CC[C@@](C)(O)CC4)c4cnccc34)ccn2)C[C@H](C)O1,3.0,1
CHEMBL5405233,O=C1NC(NC2CCCSC2)=N/C1=C\c1ccc2ncsc2c1,3.0,1
CHEMBL2386770,COC(=N)c1nc2ccc3ncnc(Nc4ccc(F)cc4Br)c3c2s1,3.0,3
CHEMBL5437778,O=C1NC(N[C@@H]2CCCC[C@@H](O)C2)=N/C1=C\c1ccc2ncsc2c1,3.0,1
CHEMBL5412565,CN(C)C12CC3CC(CC(NC4=N/C(=C\c5ccc6ncsc6c5)C(=O)N4)(C3)C1)C2,3.0,1
CHEMBL5401116,COC(=O)[C@@H](NC1=N/C(=C\c2ccc3ncsc3c2)C(=O)N1)C(C)O,3.0,1
CHEMBL5401675,O=C1NC(N[C@@H]2CCCC[C@H](O)C2)=N/C1=C\c1ccc2ncsc2c1,3.0,1
CHEMBL5567565,C[C@H](Nc1ncnc2ccc(-c3c[nH]c4ncccc34)cc12)c1ccccc1,3.005,2
CHEMBL5569089,C[C@@H](Nc1ncnc2ccc(-c3c[nH]c4ncccc34)cc12)c1ccc(F)cc1,3.005,2
CHEMBL4568087,Cn1cc(-c2cnc3c(-c4csc(C(=O)N[C@@H]5CCCC[C@@H]5N)c4)cnn3c2)cn1,3.2,1
CHEMBL5285332,Cn1cc(-c2ccc3cnc(NC(=O)C4CCN(S(C)(=O)=O)CC4)cc3c2)cn1,3.25,2
CHEMBL5412105,CC(C)C[C@H](CO)NC1=N/C(=C\c2ccc3ncsc3c2)C(=O)N1,3.3,2
CHEMBL5081787,O=C1N=C(Nc2c(Cl)cccc2Cl)S/C1=C\c1ccc2nccnc2c1,3.6,2
CHEMBL5571203,O=C(O)[C@H]1CCCN(c2ncnc3ccc(-c4c[nH]c5ncccc45)cc23)C1,3.6505,2
CHEMBL2386766,COC(=N)c1nc2ccc3ncnc(Nc4ccc(C#N)cc4)c3c2s1,3.89,2
CHEMBL5438412,CC(C)C[C@@H](CF)NC1=N/C(=C\c2ccc3ncsc3c2)C(=O)N1,4.0,1
CHEMBL4285678,C[C@]12O[C@H]([C@H](O)[C@H](O)[C@H]1O)n1c3ccccc3c3c4c(c5c6ccccc6n2c5c31)C(=O)NC4=O,4.0,1
CHEMBL5439392,COC[C@H](NC1=N/C(=C\c2ccc3ncsc3c2)C(=O)N1)c1ccccc1,4.0,1
CHEMBL5396386,CC(C)C[C@H](COC1CC1)NC1=N/C(=C\c2ccc3ncsc3c2)C(=O)N1,4.0,1
CHEMBL4284240,COc1ccc2c(c1)CC(n1c(C)nc3ccc(-c4cc(N)nc(N)c4)nc31)C2,4.0,1
CHEMBL5434921,O=C1NC(NC2CC23CCCCC3)=N/C1=C\c1ccc2ncsc2c1,4.0,1
CHEMBL3905538,COC(=N)c1nc2ccc3ncnc(Nc4ccc(OC)c(O)c4)c3c2s1,4.25,1
CHEMBL3983413,COC(=N)c1nc2ccc3ncnc(Nc4ccc5nc[nH]c5c4)c3c2s1,4.44,1
CHEMBL4647659,CC(C)Oc1ccc(F)c(-c2cnc(N)c(C(=O)Nc3cnccc3N3CCC[C@@H](C(=O)O)C3)n2)c1,4.5,3
CHEMBL6145880,Cl.NCC(Nc1nccc(-c2n[nH]c3nc(NC4CCC(N)CC4)ncc23)n1)c1cccc(Cl)c1,4.6,1
CHEMBL4282315,COc1cc2[nH]c(=O)c(C(=O)Nc3cc(C(=O)NC(CCN)c4ccsc4)ccc3Cl)cc2cn1.Cl,4.6,1
CHEMBL2386749,COC(=N)c1nc2ccc3ncnc(Nc4ccc(O)c([N+](=O)[O-])c4)c3c2s1,4.91,2
CHEMBL5396991,O=C1NC(NC2CCCCC2(F)F)=N/C1=C\c1ccc2ncsc2c1,5.0,1
CHEMBL4288045,COCCc1cc2cc(C(=O)Nc3cc(C(=O)N[C@H](CCN)c4ccccc4)ccc3Cl)c(=O)[nH]c2cc1OC,5.0,1
CHEMBL5430192,O=C1NC(NC2CCCCCCC2)=N/C1=C\c1ccc2ncsc2c1,5.0,1
CHEMBL5429783,O=C1NC(N[C@H](CO)c2ccccc2)=N/C1=C\c1ccc2ncsc2c1,5.0,1
CHEMBL5412101,CC(=O)OC12CC3CC(CC(NC4=N/C(=C\c5ccc6ncsc6c5)C(=O)N4)(C3)C1)C2,5.0,1
CHEMBL495696,N#Cc1cccc(Nc2nccc(-c3cnn4ncccc34)n2)c1,5.0,1
CHEMBL5428750,COC[C@@H](CC(C)C)NC1=N/C(=C\c2ccc3c(c2)OCO3)C(=O)N1,5.0,1
CHEMBL3094437,NCCC(NC(=O)c1ccc(Cl)c(NC(=O)c2cc3cnc(N4CC5CCC(C4)O5)nc3[nH]c2=O)c1)c1ccccc1,5.0,1
CHEMBL4856089,Oc1ccc(-c2cnc3[nH]nc(-c4ccc(O)cc4)c3c2)cc1,5.0,1
CHEMBL5438728,Cl.Cl.NCC(NC1=N/C(=C\c2ccc3ncsc3c2)C(=O)N1)c1ccccc1,5.0,1
CHEMBL5429404,O=C1NC(N[C@H]2c3ccccc3C[C@@H]2O)=N/C1=C\c1ccc2ncsc2c1,5.0,1
CHEMBL6152836,COCC(CC(C)C)NC1=N/C(=C\c2ccc3ncsc3c2)C(=O)N1C,5.0,1
CHEMBL388978,CN[C@@H]1C[C@H]2O[C@@](C)([C@@H]1OC)n1c3ccccc3c3c4c(c5c6ccccc6n2c5c31)C(=O)NC4,5.02,9
CHEMBL2386760,COC(=O)c1nc2ccc3ncnc(Nc4ccc(Cl)cc4Cl)c3c2s1,5.1,2
CHEMBL4284572,Cl.NCC(Nc1nccc(-c2n[nH]c3nc(NCCN4CCOCC4)ncc23)n1)c1ccccc1,5.9,1
CHEMBL6133976,NC1CCC(Nc2ncc3c(-c4ccnc(NCc5ccccc5)n4)n[nH]c3n2)CC1,6.0,1
CHEMBL6141587,Cc1c(O)cccc1-c1ccc2nc(NC(=O)C3CC3F)sc2c1,6.0,1
CHEMBL5417207,O=C1NC(NC2C3CC4CC(C3)CC2C4)=N/C1=C\c1ccc2ncsc2c1,6.0,1
CHEMBL4286467,COc1cc2[nH]c(=O)c(C(=O)Nc3cc(C(=O)NCc4cccc(Cl)c4)ccc3C)cc2cc1CCCN1CCOCC1,6.0,1
CHEMBL5186778,CC(C)Oc1ccc(F)c(-c2cnc(N)c(C(=O)Nc3cnccc3N3CCCC(C(=O)O)C3)n2)c1,6.0,3
CHEMBL3589662,O=C(O)c1nc2ccccc2c2[nH]c3c(I)cccc3c12,6.0,6
CHEMBL3094434,CN1CCN(CCCNc2ncc3cc(C(=O)Nc4cc(C(=O)NC(CCN)c5ccccc5)ccc4Cl)c(=O)[nH]c3n2)CC1,6.0,1
CHEMBL5430415,O=C1NC(NCc2ccccc2C(F)(F)F)=N/C1=C\c1ccc2ncsc2c1,6.0,1
CHEMBL2386754,CCOC(=N)c1nc2ccc3ncnc(Nc4ccc5c(c4)OCO5)c3c2s1,6.02,2
CHEMBL2386765,COC(=N)c1nc2ccc3ncnc(Nc4ccc(F)cc4)c3c2s1,6.06,2
CHEMBL4636064,CCN1CCN(C(=O)Nc2cc(-c3cn(C4CCOCC4)c4cnccc34)ccn2)CC1,6.2,1
CHEMBL5070553,Cc1nc2ccc(-c3cc(N)nc(N)c3)nc2n1CC(F)(F)F,6.3,4
CHEMBL4062453,CN(C)CCn1cc(-c2ccn3c(-c4ccc(C(N)=O)c(OCc5cccc(F)c5)c4)cnc3c2)cn1,6.5,1
CHEMBL4078550,CC(=O)Nc1ccc(-c2cnc3[nH]cc(-c4ccc(O)cc4)c3c2)cc1,6.6,1
CHEMBL393525,Cc1ccc([N+](=O)[O-])cc1S(=O)(=O)N(C)/N=C/c1cnc2ccc(Br)cn12,6.65,2
CHEMBL1230165,O=C(O)c1ccc2c(c1)nc(Nc1cccc(Cl)c1)c1ccncc12,6.8,9
CHEMBL4441878,Cc1nc2ccc(-c3cc(N)nc(N)c3)nc2n1C(C)C,6.9,4
CHEMBL5423402,COC(CNC1=N/C(=C\c2ccc3ncsc3c2)C(=O)N1)C1CCCCC1,7.0,1
CHEMBL5289681,CC(C)CN1CCC(C(=O)Nc2cc3cc(-c4cnn(C)c4)ccc3cn2)CC1,7.0,2
CHEMBL4646866,Cc1cccc(Nc2nccc(-c3cnn4ncccc34)n2)c1,7.0,1
CHEMBL5195216,CN1CCN(c2ccc(NC3=N/C(=C\C4=COc5ccccc5O4)C(=O)N3)cc2)CC1,7.0,1
CHEMBL5423907,COC(=O)[C@H](C)NC1=N/C(=C\c2ccc3ncsc3c2)C(=O)N1,7.0,1
CHEMBL5093650,Cc1nc(NCc2c(F)cccc2F)c2c(-c3ccnc(N)c3)c[nH]c2n1,7.0,3
CHEMBL5420645,Cn1cnc2ccc(/C=C3\N=C(NC45CC6CC(CC(C6)C4)C5)NC3=O)cc21,7.0,1
CHEMBL5414801,CN1CCN(c2ccc(NC3=N/C(=C\c4ccc5c(c4)OCCO5)C(=O)N3)cc2)CC1,7.0,1
CHEMBL5416274,COC(=O)[C@@H](NC1=N/C(=C\c2ccc3ncsc3c2)C(=O)N1)C(C)C,7.0,1
CHEMBL5091510,Cc1nc(OCc2ccsc2)c2c(-c3ccnc(N)c3)c[nH]c2n1,7.5,2
CHEMBL1738733,O=C1N=C(Nc2ccccc2)N=C1Cc1ccc2c(c1)OCO2,7.6,1
CHEMBL6161318,O=C(NC1=Cc2ccc(O)cc2C1)Nc1ccc(NC(=O)c2ccc(O)cc2)cc1,7.8,1
CHEMBL4283751,N=C1NC(=O)/C(=C/c2ccc3c(c2)CCO3)S1,7.9,2
CHEMBL5088687,Cc1nc(NCc2ncccc2F)c2c(-c3ccnc(N)c3)c[nH]c2n1,8.0,3
CHEMBL4872136,COc1ccc(-c2n[nH]c3ncc(-c4ccc(NC(C)=O)cc4)cc23)cc1,8.0,1
CHEMBL3094454,COc1ncc2cc(C(=O)Nc3cc(C(=O)NC(CN)c4ccccc4)ccc3Cl)c(=O)[nH]c2n1,8.0,1
CHEMBL4105629,c1cc(-c2cn(CCC3CC3)c3cnccc23)ccn1,8.0,1
CHEMBL4064316,CC(C)n1cc(-c2ccncc2)c2ccncc21,8.0,1
CHEMBL3912295,COC(=N)c1nc2ccc3ncnc(Nc4ccc5c(c4)OCCO5)c3c2s1,8.0,1
CHEMBL4747992,NC(=O)c1sc(-c2ccnc(NC(=O)C3CC3)c2)nc1OCCCC1CCN(Cc2ccc(F)cc2)CC1,8.1,1
CHEMBL2386752,COC(=N)c1nc2ccc3ncnc(Nc4ccc(O)c(F)c4)c3c2s1,8.63,2
CHEMBL5570066,OC[C@H](Nc1ncnc2ccc(-c3c[nH]c4ncccc34)cc12)c1ccccc1,8.675,2
CHEMBL3094455,COc1ncc2cc(C(=O)Nc3cc(C(=O)NC(CCN)c4ccccc4)ccc3Cl)c(=O)[nH]c2n1,9.0,1
CHEMBL5421442,CC(C)(C)NC(=O)OC12CC3CC(CC(NC4=N/C(=C\c5ccc6ncsc6c5)C(=O)N4)(C3)C1)C2,9.0,1
CHEMBL5073598,Cc1nc(NCc2c(F)cccc2F)c2c(-c3ccnc(N)n3)c[nH]c2n1,9.0,2
CHEMBL3094436,NCCC(NC(=O)c1ccc(Cl)c(NC(=O)c2cc3cnc(N4CCC(N)CC4)nc3[nH]c2=O)c1)c1ccccc1,9.0,1
CHEMBL3094460,COc1ncc2cc(C(=O)Nc3cc(C(=O)N[C@H](CCN)c4ccccc4)ccc3Cl)c(=O)[nH]c2n1,9.0,1
CHEMBL5396280,CO[C@H]1CCC[C@H](NC2=N/C(=C\c3ccc4ncsc4c3)C(=O)N2)CC1,9.0,1
CHEMBL4873449,Oc1ccc(-c2n[nH]c3ncc(-c4ccc(O)c(O)c4)cc23)cc1,9.3,3
CHEMBL5575560,CN(CCC(=O)O)c1ncnc2ccc(-c3c[nH]c4ncccc34)cc12,9.3865,2
CHEMBL2386743,COC(=N)c1nc2ccc3ncnc(Nc4ccc(OC)cc4OC)c3c2s1,9.53,2
CHEMBL390715,COc1ccc2cc3c4c(cc(OC)c(OC)c4c2c1)C(=O)N3,9.67,1
CHEMBL4797371,O=C(NCc1ccccc1)c1cnc2[nH]cc(-c3cc(F)c4nccc(-c5cccnc5)c4c3)c2c1,10.0,1
CHEMBL6037655,CNc1cc(Nc2ccc(C(=O)N3CCN(C)CC3)cc2OC)nc2[nH]cc(C(F)(F)F)c12,10.0,1
CHEMBL5778374,CNc1cc(Nc2ccc(C(=O)N3CCC(N4CCOCC4)CC3)cc2OC)nc2[nH]cc(C(F)(F)F)c12,10.0,1
CHEMBL4795920,CNC(=O)c1cnc2[nH]cc(-c3cc(F)c4nccc(N5CCC[C@H](N)C5)c4c3)c2c1.Cl,10.0,1
CHEMBL4795783,CNC(=O)c1cnc2[nH]cc(-c3ccc4nccc(Cl)c4c3)c2c1,10.0,1
CHEMBL4795553,Fc1cc(-c2c[nH]c3ncc(CNCc4ccccc4)cc23)cc2c(-c3cccnc3)ccnc12,10.0,1
CHEMBL4795260,CNC(=O)c1cnc2[nH]cc(-c3ccc4ncc(NC(C)=O)c(N5CCOCC5)c4c3)c2c1,10.0,1
CHEMBL4795136,CC(=O)Nc1cnc2ccc(-c3c[nH]c4ncc(C(=O)NCc5cccnc5)cc34)cc2c1,10.0,1
CHEMBL4798594,C=CCN(C)C(=O)c1cnc2[nH]cc(-c3ccc4nccc(Cl)c4c3)c2c1,10.0,1
CHEMBL4798464,CNC(=O)c1cnc2[nH]cc(-c3cc(F)c4nccc(-c5cccnc5)c4c3)c2c1,10.0,1
CHEMBL4798075,c1cnc2[nH]cc(-c3ccc4nccc(-c5ccncc5)c4c3)c2c1,10.0,1
CHEMBL5896818,CCNc1cc(Nc2ccc(C(=O)N3CCOCC3)cc2OC)nc2[nH]cc(C(F)(F)F)c12,10.0,1
CHEMBL4796725,CNC(=O)c1cnc2[nH]cc(-c3cc(F)c4nccc(N5CCC[C@@H](N)C5)c4c3)c2c1.Cl,10.0,1
CHEMBL4796652,O=C(NCc1ccccc1)c1cnc2[nH]cc(-c3cc(Cl)c4ncccc4c3)c2c1,10.0,1
CHEMBL4796415,CN1CCC(Nc2c(C#N)cnc3ccc(-c4c[nH]c5ncccc45)cc23)CC1,10.0,1
CHEMBL4530280,N#Cc1c(-c2ccccc2)[nH]c2c(I)cccc12,10.0,2
CHEMBL4799177,Cl.N[C@H]1CC[C@H](Nc2c([N+](=O)[O-])cnc3ccc(-c4c[nH]c5ncc(C(=O)NCc6cccnc6)cc45)cc23)CC1,10.0,1
CHEMBL4799100,CC(=O)N1CCC(Nc2c(N)cnc3ccc(-c4c[nH]c5ncccc45)cc23)CC1,10.0,1
CHEMBL4798819,C=CC1CN2CCC1CC2[C@H](O)c1ccnc2ccc(-c3c[nH]c4ncccc34)cc12,10.0,1
CHEMBL4798630,FC(F)(F)Oc1cc(-c2c[nH]c3ncccc23)cc2cccnc12,10.0,1
CHEMBL5089741,Nc1cc(-c2ccc3ncoc3c2)cc(N)n1,10.0,1
CHEMBL5089304,Nc1cc(-c2ccc3ncccc3c2)cc(N)n1,10.0,1
CHEMBL4785328,Cc1cc(-c2c[nH]c3ncccc23)cc2c(-c3cccnc3)ccnc12,10.0,1
CHEMBL4780313,C=CCCCc1ccnc2ccc(-c3c[nH]c4ncc(CN(C)CC=C)cc34)cc12,10.0,1
CHEMBL4780293,CNC(=O)c1cnc2[nH]cc(-c3ccc4nccc(N5CCOCC5)c4c3)c2c1,10.0,1
CHEMBL4779923,N[C@H]1CCCN(c2ccnc3ccc(-c4c[nH]c5ncccc45)cc23)C1,10.0,1
CHEMBL4779484,Fc1cc(-c2c[nH]c3ncccc23)cc2cccnc12,10.0,1
CHEMBL4787210,Cc1cc(-c2c[nH]c3ncccc23)cc2cccnc12.Cl,10.0,1
CHEMBL4780889,C=CCN(C)C(=O)c1cnc2[nH]cc(-c3cc(F)c4nccc(-c5cccnc5)c4c3)c2c1,10.0,1
CHEMBL4788075,CNC(=O)c1cnc2[nH]cc(-c3ccc4nccc(-c5cccnc5)c4c3)c2c1,10.0,1
CHEMBL4787086,CNC(=O)c1cnc2[nH]cc(-c3cc(OC)c4ncccc4c3)c2c1,10.0,1
CHEMBL4786897,COc1cc(-c2c[nH]c3ncc(C(N)=O)cc23)cc2c(-c3cccnc3)ccnc12,10.0,1
CHEMBL4786159,Cl.NCCCNC(=O)c1cnc2[nH]cc(-c3cc(Cl)c4ncccc4c3)c2c1,10.0,1
CHEMBL4787211,O=C(NCc1ccccc1)c1cnc2[nH]cc(-c3cc(F)c4ncccc4c3)c2c1,10.0,1
CHEMBL4785301,c1ccc(-c2ccnc3ccc(-c4c[nH]c5ncccc45)cc23)cc1,10.0,1
CHEMBL4788819,Nc1cnc2ccc(-c3c[nH]c4ncc(C(=O)NCc5cccnc5)cc34)cc2c1,10.0,1
CHEMBL4788717,c1cncc(-c2ccnc3ccc(-c4c[nH]c5ncccc45)cc23)c1,10.0,1
CHEMBL4780461,CNC(=O)c1cnc2[nH]cc(-c3ccc4ncc([N+](=O)[O-])c(N5CCC[C@H](N)C5)c4c3)c2c1.Cl,10.0,1
CHEMBL5962465,CCCNc1cc(Nc2ccc(C(=O)N3CCOCC3)cc2OC)nc2[nH]cc(C#N)c12,10.0,1
CHEMBL5405572,O=C1NC(NC23CC4CC(CC(C4)C2)C3)=N/C1=C\c1ccc2[nH]ncc2c1,10.0,1
CHEMBL5747252,CNc1cc(Nc2ccc(C(=O)N3CCC(N4CCN(C)CC4)CC3)cc2OC)nc2[nH]cc(C(F)(F)F)c12,10.0,1
CHEMBL5950635,COCCNc1cc(Nc2ccc(C(=O)N3CCC(N4CCOCC4)CC3)cc2OC)nc2[nH]cc(C(F)(F)F)c12,10.0,1
CHEMBL5936830,COCCNc1cc(Nc2ccc(C(=O)N3CCC(N4CCN(C)CC4)CC3)cc2OC)nc2[nH]cc(C(F)(F)F)c12,10.0,1
CHEMBL5928002,CCNc1cc(Nc2ccc(C(=O)N3CCOCC3)cc2OC)nc2[nH]cc(C#N)c12,10.0,2
CHEMBL4782545,CNC(=O)c1cnc2[nH]cc(-c3cc(F)c4ncccc4c3)c2c1,10.0,1
CHEMBL4640019,O=C(NCC1CCOCC1)c1n[nH]c2ccc(-c3cncc(CO)c3)cc12,10.0,1
CHEMBL4575900,Cc1nc2ccc(-c3cc(N)nc(N)c3)nc2n1C[C@@H](C)Oc1ccccc1,10.0,4
CHEMBL4777649,Cl.NCCCNC(=O)c1cnc2[nH]cc(-c3cc(F)c4ncccc4c3)c2c1,10.0,1
CHEMBL4777524,Cl.NCCCNC(=O)c1cnc2[nH]cc(-c3cc(F)c4nccc(-c5cccnc5)c4c3)c2c1,10.0,1
CHEMBL4776181,CNC(=O)c1cnc2[nH]cc(-c3ccc4ncc(N)c(N5CCC[C@H](N)C5)c4c3)c2c1.Cl,10.0,1
CHEMBL4785163,CNC(=O)c1cnc2[nH]cc(-c3ccc4ncc(NCC5CCOCC5)c(N5CCOCC5)c4c3)c2c1,10.0,1
CHEMBL4784703,CNC(=O)c1cnc2[nH]cc(-c3cc(F)c4nccc(-c5cnccc5C)c4c3)c2c1,10.0,1
CHEMBL4778932,N[C@@H]1CCCN(c2ccnc3c(F)cc(-c4c[nH]c5ncc(CNCc6ccccc6)cc45)cc23)C1,10.0,1
CHEMBL4778726,C=CCN(C)C(=O)c1cnc2[nH]cc(-c3cc(F)c4ncccc4c3)c2c1,10.0,1
CHEMBL4782648,C=CCN(C)Cc1cnc2[nH]cc(-c3cc(F)c4nccc(-c5cccnc5)c4c3)c2c1,10.0,1
CHEMBL4782598,CNC(=O)c1cnc2[nH]cc(-c3cc(C)c4nccc(-c5cccnc5)c4c3)c2c1,10.0,1
CHEMBL4778365,NC(=O)c1cnc2[nH]cc(-c3cc(F)c4ncccc4c3)c2c1,10.0,1
CHEMBL4782343,CNC(=O)c1cnc2[nH]cc(-c3ccc4ncc(NCc5cccc(Cl)c5)c(N5CCOCC5)c4c3)c2c1,10.0,1
CHEMBL4782142,CNC(=O)c1cnc2[nH]cc(-c3cc(F)c4nccc(CCc5ccccc5)c4c3)c2c1,10.0,1
CHEMBL6152313,Cn1cc(C(=O)Nc2ncc(-c3ccc(C#N)cc3)s2)ccc1=O,10.0,1
CHEMBL4784584,CN1CCC(N(C)c2c([N+](=O)[O-])cnc3ccc(-c4c[nH]c5ncccc45)cc23)CC1,10.0,1
CHEMBL4784397,COc1cc(-c2c[nH]c3ncccc23)cc2cccnc12,10.0,1
CHEMBL4784265,O=C(NCc1cccnc1)c1cnc2[nH]cc(-c3ccc4ncc(NCC5CCOCC5)cc4c3)c2c1,10.0,1
CHEMBL4784263,Fc1cc(-c2c[nH]c3ncccc23)cc2c(-c3cccnc3)ccnc12,10.0,1
CHEMBL4783465,Cl.N[C@@H]1CCCN(c2ccnc3c(F)cc(-c4c[nH]c5ncc(C(=O)NCc6cccnc6)cc45)cc23)C1,10.0,1
CHEMBL4787359,c1cnc2[nH]cc(-c3ccc4ncc(NCc5ccoc5)cc4c3)c2c1,10.0,1
CHEMBL4780385,Cl.N[C@H]1CC[C@H](Nc2c(NCC3CCOCC3)cnc3ccc(-c4c[nH]c5ncc(C(=O)NCc6cccnc6)cc45)cc23)CC1,10.0,1
CHEMBL4790751,CNC(=O)c1cnc2[nH]cc(-c3ccc4ncc(NCc5cccc(Cl)c5)c(N5CCC[C@H](N)C5)c4c3)c2c1.Cl,10.0,1
CHEMBL4569508,O=C(NCC(F)(F)F)c1cc(-c2cnn3cc(-c4ccc(OCCN5CCCCC5)cc4)cnc23)cs1,10.0,1
CHEMBL4789266,Cl.Clc1cc(-c2c[nH]c3ncccc23)cc2cccnc12,10.0,1
CHEMBL4788999,C=CCN(C)C(=O)c1cnc2[nH]cc(-c3cc(Cl)c4ncccc4c3)c2c1,10.0,1
CHEMBL4853178,COc1ccc(CNC(=O)c2cnc3ccc(-c4ccc5ncccc5c4)cn23)cc1,10.0,1
CHEMBL4794271,CC(=O)Nc1cnc2[nH]cc(-c3cc(F)c4nccc(-c5cccnc5)c4c3)c2c1,10.0,1
CHEMBL4794147,CN1CCC(Nc2ccnc3ccc(-c4c[nH]c5ncccc45)cc23)CC1,10.0,1
CHEMBL4792646,Cl.N[C@@H]1CCCN(c2ccnc3c(F)cc(-c4c[nH]c5ncc(C(=O)NCc6cncnc6)cc45)cc23)C1,10.0,1
CHEMBL4792018,CNC(=O)c1cnc2[nH]cc(-c3ccc4ncccc4c3)c2c1,10.0,1
CHEMBL4791911,O=C(NCc1cccnc1)c1cnc2[nH]cc(-c3cc(F)c4nccc(-c5cccnc5)c4c3)c2c1,10.0,1
CHEMBL4790515,c1cnc2ccc(-c3c[nH]c4ncccc34)cc2c1,10.0,1
CHEMBL5411888,O=C1NC(NC2CCCC(F)(F)C2)=N/C1=C\c1ccc2ncsc2c1,10.0,1
CHEMBL5078833,Cc1nc(-c2ccc3c(c2)OCO3)c2c(-c3ccnc(N)c3)c[nH]c2n1,10.0,3
CHEMBL5081861,Nc1cc(-c2ccc3occc3n2)cc(N)n1,10.0,1
CHEMBL5085086,COC[C@@H](CC(C)C)NC1=N/C(=C\c2ccc3ncsc3c2)C(=O)N1C,10.25,2
CHEMBL5092157,Cc1nc(NCc2ccccc2)c2c(-c3ccnc(N)c3)c[nH]c2n1,10.5,2
CHEMBL5401556,COC[C@@H](CC(C)C)NC1=N/C(=C/c2ccc3ncoc3c2)C(=O)N1C,10.9,1
CHEMBL5436754,CO[C@H]1CCC[C@H](NC2=N/C(=C\c3ccc4ncsc4c3)C(=O)N2)C1,11.0,1
CHEMBL5094016,Nc1cc(C2=CC3OCCOC3C=C2)cc(N)n1,11.0,1
CHEMBL5413726,O=C1NC(N[C@H]2CCCOC2)=N/C1=C\c1ccc2ncsc2c1,11.0,1
CHEMBL4798624,O=c1c2c(ccc3nc(-c4cccnc4)sc32)ncn1C1CC1,11.0,1
CHEMBL5085656,Cc1nc(OCc2cscn2)c2c(-c3ccnc(N)c3)c[nH]c2n1,11.0,1
CHEMBL4460561,Cc1nc2ccc(-c3cc(N)nc(N)c3)nc2n1C1CC1,11.0,4
CHEMBL4550702,Cn1cc(-c2cnc3c(-c4csc(C(=O)NCC(F)(F)F)c4)cnn3c2)cn1,11.0,1
CHEMBL5421636,O=C1NC(NC2COCCOC2)=N/C1=C\c1ccc2ncsc2c1,11.0,1
CHEMBL5279705,COC1=CC2C(=O)NC3=Cc4ccc(OC)cc4C(=C1OC)C32,11.3,2
CHEMBL4649473,CC1(C)CN(C(=O)Nc2cc(-c3cn(C4CCOCC4)c4cnccc34)ccn2)C1,11.6,1
CHEMBL5395833,COC[C@@H](CC(C)C)NC1=N/C(=C\c2ccc3c(c2)CCO3)C(=O)N1,11.6,1
CHEMBL3094462,COc1ncc2cc(C(=O)Nc3cc(C(=O)NC(CCN)c4cccc(Cl)c4)ccc3Cl)c(=O)[nH]c2n1,12.0,1
CHEMBL5181008,O=C1NC(Nc2ccc(O)c(F)c2)=N/C1=C\c1ccc2c(c1)OCO2,12.0,1
CHEMBL3102955,Oc1ccc(-c2cnc3[nH]cc(-c4ccc(O)c(O)c4)c3c2)cc1O,12.0,1
CHEMBL5179655,CN1CCN(c2ccc(NC3=N/C(=C\c4ccc5c(c4)OCO5)C(=O)N3)cc2)CC1,12.0,2
CHEMBL5422857,CO[C@H]1CCCC[C@@H](NC2=N/C(=C\c3ccc4ncsc4c3)C(=O)N2)C1,12.0,1
CHEMBL5422100,O=C1NC(NCC23CC4CC(CC(C4)C2)C3)=N/C1=C\c1ccc2ncsc2c1,12.0,1
CHEMBL5430262,O=C1NC(NC[C@H](O)c2ccccc2)=N/C1=C\c1ccc2ncsc2c1,12.0,1
CHEMBL5205235,O=c1c2c(ccc3nc(-c4cccnc4)sc32)ncn1Cc1ccccc1,12.0,1
CHEMBL5427842,CO[C@H]1CCC[C@@H]1NC1=N/C(=C\c2ccc3ncsc3c2)C(=O)N1,12.0,1
CHEMBL5406081,Cl.Cl.NC[C@H](NC1=N/C(=C\c2ccc3ncsc3c2)C(=O)N1)c1ccccc1,12.0,1
CHEMBL187081,COc1cccc(Nc2nccc(-c3cnn4ncccc34)n2)c1,12.0,1
CHEMBL603469,C[C@]12O[C@H](C[C@]1(O)CO)n1c3ccccc3c3c4c(c5c6ccccc6n2c5c31)CNC4=O,12.0,1
CHEMBL4069163,Fc1ccc(Cn2cc(-c3ccncc3)c3ccncc32)cc1,12.0,1
CHEMBL5089965,CN1Cc2nn(C)c(C#N)c2-c2cnc3[nH]cc(c3n2)-c2cn(nc2C(F)(F)F)CCCC1=O,12.0,1
CHEMBL4550946,COC(=O)C(C)(C)CCn1c2cc(OC)ccc2c2ccnc(C)c21,13.0,1
CHEMBL5436133,O=C1NC(NCC(O)C2CCCCC2)=N/C1=C\c1ccc2ncsc2c1,13.0,1
CHEMBL5415622,O=C1NC(N[C@@H]2CCC[C@@H](O)C2)=N/C1=C\c1ccc2ncsc2c1,13.0,1
CHEMBL5080876,Cn1cnc2ccc(-c3cc(N)nc(N)c3)nc21,13.0,1
CHEMBL5090159,Cc1nc(OCc2cc(C)on2)c2c(-c3ccnc(N)c3)c[nH]c2n1,13.0,2
CHEMBL4648742,c1ccc(-n2cc(-c3ccncc3)c3ccncc32)cc1,13.0,1
CHEMBL5438325,O=C1NC(N[C@H]2CCC[C@H](O)CC2)=N/C1=C\c1ccc2ncsc2c1,13.0,1
CHEMBL5430824,O=C1NC(NC2CCCCCC2)=N/C1=C\c1ccc2ncoc2c1,13.0,1
CHEMBL3094435,CN1CCN(CCNc2ncc3cc(C(=O)Nc4cc(C(=O)NC(CCN)c5ccccc5)ccc4Cl)c(=O)[nH]c3n2)CC1,13.0,1
CHEMBL2386761,COC(=N)c1nc2ccc3ncnc(Nc4ccc(OC)cc4)c3c2s1,13.08,3
CHEMBL5090676,Cc1nc(OCc2cncs2)c2c(-c3ccnc(N)c3)c[nH]c2n1,13.5,2
CHEMBL2386751,COC(=N)c1nc2ccc3ncnc(Nc4cccc(Cl)c4)c3c2s1,13.64,2
CHEMBL4575812,COc1ccc2c3ccnc(C)c3n(CCC(C)C(N)=O)c2c1,13.9,1
CHEMBL5440139,CO[C@@H]1CCC[C@@H](NC2=N/C(=C\c3ccc4ncsc4c3)C(=O)N2)C1,14.0,1
CHEMBL6150654,NC1CCC(Nc2ncc3c(-c4ccnc(NCc5ccsc5)n4)n[nH]c3n2)CC1,14.0,1
CHEMBL5200518,COc1cc(/C=C2\N=C(Nc3ccc(N4CCN(C)CC4)cc3)NC2=O)ccc1O,14.0,1
CHEMBL5428132,O=C1NC(NC[C@@H](O)c2ccccc2)=N/C1=C\c1ccc2ncsc2c1,14.0,1
CHEMBL5083489,Cn1cnc2ccc(-c3cc(N)nc(N)c3)cc21,14.0,1
CHEMBL5416942,COc1ccc(/C=C2\N=C(Nc3ccc(N4CCN(C)CC4)cc3)NC2=O)cc1O,14.0,1
CHEMBL1474834,Cc1nc(CN(C)c2ncnc3ccc(-c4ccc5c(c4)OCO5)cc23)cs1,14.0,1
CHEMBL3102950,Oc1ccc(-c2cnc3[nH]cc(-c4ccc(O)cc4)c3c2)cc1,14.0,1
CHEMBL4290247,O=C(Cc1ccc(F)cc1)Nc1cncc(-c2cc(-c3cccnc3)cs2)c1,14.3,4
CHEMBL5093661,Cc1nc2ccc(-c3cc(N)nc(N)c3)nc2n1CCOc1cccc(Cl)n1,14.5,2
CHEMBL5081888,Cc1nc(OCc2ccccc2)c2c(-c3ccnc(N)c3)c[nH]c2n1,14.5,2
CHEMBL5086263,CN1Cc2nn(C)c(C#N)c2-c2cnc3[nH]c(F)c(c3c2)-c2cn(nc2C(F)(F)F)CCCC1=O,14.6,4
CHEMBL4282366,O=C(Cc1ccccc1)Nc1cncc(-c2cc(-c3cccnc3)cs2)c1,14.9,1
CHEMBL4645474,O=C(Nc1cc(-c2cn(-c3ccccc3)c3cnccc23)ccn1)NC1CC1,15.0,1
CHEMBL5427523,O=C1NC(N[C@@H]2CCCC[C@@H]2O)=N/C1=C\c1ccc2ncsc2c1,15.0,1
CHEMBL5087683,Nc1cc(-c2ccc3ncnn3c2)cc(N)n1,15.0,1
CHEMBL3094456,COc1ncc2cc(C(=O)Nc3cc(C(=O)NC(CCCN)c4ccccc4)ccc3Cl)c(=O)[nH]c2n1,15.0,1
CHEMBL5429272,CO[C@H]1CCC[C@@H](NC2=N/C(=C\c3ccc4ncsc4c3)C(=O)N2)CC1,15.0,1
CHEMBL5436147,CC1(C)CCC(NC2=N/C(=C\c3ccc4ncsc4c3)C(=O)N2)CO1,15.0,1
CHEMBL5082044,Cc1nc(NCc2cccs2)c2c(-c3ccnc(N)c3)c[nH]c2n1,16.0,2
CHEMBL5079873,Cc1nc2ccc(-c3cc(N)nc(N)c3)nc2n1C[C@H](C)Oc1ccccn1,16.0,1
CHEMBL5433142,C[C@@H]1CCCC[C@H]1NC1=N/C(=C\c2ccc3ncsc3c2)C(=O)N1,16.0,1
CHEMBL5094043,Nc1cc(-c2ccc3c(c2)CCO3)cc(N)n1,16.0,1
CHEMBL5417890,COC(=O)C1(NC2=N/C(=C\c3ccc4ncsc4c3)C(=O)N2)C2CC3CC(C2)CC1C3,16.0,1
CHEMBL6167798,COc1cc2[nH]c(=O)c(C(=O)Nc3cc(C(=O)NCc4cccc(Cl)c4)ccc3C)cc2cc1OCCN1CCOCC1,16.0,1
CHEMBL5424272,O=C1NC(NC2CCCCOC2)=N/C1=C\c1ccc2ncsc2c1,16.0,1
CHEMBL5437737,O=C1Nc2cc(CS(=O)(=O)c3c(Cl)cccc3Cl)ccc2S/C1=C\c1ccc(O)c([N+](=O)[O-])c1,16.0,1
CHEMBL5420497,O=C1NC(N[C@@H]2CCC[C@@H](O)CC2)=N/C1=C\c1ccc2ncsc2c1,16.0,1
CHEMBL5397343,CN1CCN(c2ccc(NC3=N/C(=C\c4ccc5ncsc5c4)C(=O)N3)cc2)CC1,16.0,1
CHEMBL5408047,CC(C)C[C@@H](CO)NC1=N/C(=C\c2ccc3ncsc3c2)C(=O)N1,16.25,2
CHEMBL4640465,Nc1cc(-c2cn(-c3ccccc3)c3cnccc23)ccn1,16.7,1
CHEMBL5089171,Cc1nc2ccc(-c3cc(N)nc(N)c3)nc2n1CCOc1cccc(Br)n1,17.0,2
CHEMBL5393925,O=C1NC(N[C@@H]2CCC[C@H](O)C2)=N/C1=C\c1ccc2ncsc2c1,17.0,1
CHEMBL1551169,CC(C)(C)CNc1ncnc2ccc(-c3ccc4c(c3)OCO4)cc12,17.0,1
CHEMBL5083033,CNc1cc(-c2ccc3occc3c2)cc(N)n1,17.0,1
CHEMBL5083159,Cc1nc(NCc2ccsc2)c2c(-c3ccnc(N)c3)c[nH]c2n1,17.0,2
CHEMBL5092022,Nc1cc(-c2ccc3nccn3c2)cc(N)n1,17.0,1
CHEMBL5403037,O=C1NC(N[C@@H]2CCC[C@H](O)CC2)=N/C1=C\c1ccc2ncsc2c1,17.0,1
CHEMBL5428794,COC(=O)[C@H](CC(C)C)NC1=N/C(=C\c2ccc3ncsc3c2)C(=O)N1,17.0,1
CHEMBL5441121,Cl.Cl.NC[C@@H](NC1=N/C(=C\c2ccc3ncsc3c2)C(=O)N1)c1ccccc1,17.0,1
CHEMBL4641631,O=C(Nc1cc(-c2cn(C3CCOCC3)c3cnccc23)ccn1)NC1CC1,17.1,1
CHEMBL3898860,COC(=N)c1nc2ccc3ncnc(Nc4ccc5c(c4)CCO5)c3c2s1,17.48,1
CHEMBL1803084,Cc1ccc(NC2=N/C(=C\c3ccc4c(c3)OCO4)C(=O)N2)cc1,18.0,1
CHEMBL5088511,Cc1nc2ccc(-c3cc(N)nc(N)c3)nc2n1CCOc1ccccc1,18.0,2
CHEMBL4278353,O=C(Nc1cncc(-c2cc(-c3cn[nH]c3)cs2)c1)C1CC1,18.0,1
CHEMBL5427398,O=C1NC(NC2CCC(F)(F)C2)=N/C1=C\c1ccc2ncsc2c1,18.0,1
CHEMBL3589666,COc1ccc2c(c1)nc(C(=O)O)c1c3cccc(Br)c3[nH]c21,18.0,1
CHEMBL2386769,COC(=N)c1nc2ccc3ncnc(Nc4ccc(C(F)(F)F)cc4)c3c2s1,18.26,2
CHEMBL5435195,COC[C@@H](CC(C)C)NC1=N/C(=C\c2ccc3nc(C)sc3c2)C(=O)N1,18.5,1
CHEMBL5077927,Cc1nc2ccc(-c3cc(N)nc(N)c3)nc2n1CC(F)F,18.5,2
CHEMBL5083053,Nc1cc(-c2ccc3occc3c2)ccn1,19.0,1
CHEMBL3421979,Cc1nccc(-c2c[nH]c3cnccc23)n1,19.0,1
CHEMBL5081341,COc1nc(C)nc2[nH]cc(-c3ccnc(N)c3)c12,19.0,2
CHEMBL370100,CO[C@H]1[C@H](O)[C@@H](O)[C@H](n2c3c(Cl)cccc3c3c4c(c5c6cccc(Cl)c6[nH]c5c32)C(=O)NC4=O)O[C@@H]1CO,19.0,1
CHEMBL4442374,COC(=O)C(C)CCn1c2cc(OC)ccc2c2ccnc(C)c21,19.0,1
CHEMBL5439952,O=C1NC(N[C@@H]2CCCCC[C@H]2O)=N/C1=C\c1ccc2ncsc2c1,19.0,1
CHEMBL6151643,Oc1ccc(-c2nc3cc4c(cc3s2)OCO4)cc1O,19.0,1
CHEMBL5071564,Cc1onc2ccc(-c3cc(N)nc(N)c3)cc12,19.0,1
CHEMBL5196066,O=C1NC(Nc2cccc(F)c2)=N/C1=C\c1ccc2c(c1)OCO2,19.0,1
CHEMBL5396081,CO[C@H]1CCC[C@@H](NC2=N/C(=C\c3ccc4ncsc4c3)C(=O)N2)C1,20.0,1
CHEMBL3589661,O=C(O)c1nc2ccccc2c2[nH]c3c(Br)cccc3c12,20.0,1
CHEMBL5413743,CO[C@H]1CCCC[C@@H]1NC1=N/C(=C\c2ccc3ncsc3c2)C(=O)N1,20.0,1
CHEMBL5283849,O=C1NC(NC2CCCCCC2)=N/C1=C\c1ccc2ncsc2c1,20.0,3
CHEMBL6161977,CCCC#Cc1ccnc2[nH]cc(-c3ccnc(N)n3)c12,20.0,1
CHEMBL6132670,CCN1/C(=C/C(C)=O)Sc2cc3oc4ccccc4c3cc21,20.0,1
CHEMBL3774448,O=C1NC(=S)S/C1=C\c1ccc2ncccc2c1,20.0,1
CHEMBL5179796,O=C(Cc1ccccc1)Nc1ccc(NC(=O)Nc2nc3ccc(O)cc3s2)cc1,20.0,3
CHEMBL5199422,[2H]C1([2H])Oc2ccc(/C=C3\N=C(Nc4ccccc4)NC3=O)cc2O1,20.0,1
CHEMBL5408907,CO[C@@H]1CCC[C@H]1NC1=N/C(=C\c2ccc3ncsc3c2)C(=O)N1,20.0,1
CHEMBL5432405,COC[C@@H](CC(C)C)NC1=N/C(=C/c2ccc3ncsc3c2)C(=O)N1,20.3,1
CHEMBL3753668,N#C/C(=C\c1cccnc1)c1c[nH]c2ncccc12,21.0,1
CHEMBL5440511,CO[C@@H]1CCCC[C@@H](NC2=N/C(=C\c3ccc4ncsc4c3)C(=O)N2)C1,21.0,1
CHEMBL5428629,CO[C@@H]1CCCCC[C@H]1NC1=N/C(=C\c2ccc3ncsc3c2)C(=O)N1,21.0,1
CHEMBL5561941,CC(C)C[C@H](N)COc1cncc(-c2ccc3[nH]nc(C#Cc4ccsc4)c3c2)c1,21.7,1
CHEMBL5422936,O=C1NC(N[C@H]2CC[C@H](O)CC2)=N/C1=C\c1ccc2ncsc2c1,22.0,1
CHEMBL5402979,O=C1NC(N[C@@H](CO)CC2CCC2)=N/C1=C\c1ccc2ncsc2c1,22.0,1
CHEMBL5407040,Cc1nc2ccc(/C=C3\N=C(NC45CC6CC(CC(C6)C4)C5)NC3=O)cc2s1,22.0,1
CHEMBL3094448,COc1ncc2cc(C(=O)Nc3cc(C(=O)NCc4cccc(Cl)c4)ccc3Cl)c(=O)[nH]c2n1,22.0,1
CHEMBL5084991,Nc1cc(-c2ccc3c(c2)CCO3)nc(N)n1,22.0,1
CHEMBL3589667,COc1ccc2c(c1)nc(C(=O)O)c1c3cccc(I)c3[nH]c21,22.0,1
CHEMBL5092605,Nc1cc(-c2ccc3ocnc3c2)cc(N)n1,22.0,1
CHEMBL4755788,FC(F)(F)c1ccc2[nH]c(Nc3ncccn3)nc2c1,22.2,1
CHEMBL3589665,COc1ccc2c(c1)nc(C(=O)O)c1c3cccc(Cl)c3[nH]c21,23.0,1
CHEMBL5423406,CC1(NC2=N/C(=C\c3ccc4ncsc4c3)C(=O)N2)CCNC1=O,23.0,1
CHEMBL5423580,O=C1NC(N[C@H]2CCCCC[C@@H]2O)=N/C1=C\c1ccc2ncsc2c1,23.0,1
CHEMBL5414635,CO[C@@H]1Cc2ccccc2[C@H]1NC1=N/C(=C\c2ccc3ncsc3c2)C(=O)N1,23.0,1
CHEMBL4283503,O=C(Nc1cncc(-c2cc(-c3cccnc3)cs2)c1)C1CC1,23.1,2
CHEMBL4283474,O=C(Nc1cncc(-c2cc(-c3cccnc3)cs2)c1)c1c(F)cc(F)cc1F,23.5,1
CHEMBL1877990,c1cncc(CNc2nccc(-c3ccc4c(c3)OCO4)n2)c1,23.5,2
CHEMBL4875758,CC(=O)Nc1cccc(-c2n[nH]c3ncc(-c4ccc(O)c(O)c4)cc23)c1,24.0,1
CHEMBL5179457,Cc1ccc(C)c(NC2=N/C(=C\c3ccc4c(c3)OCO4)C(=O)N2)c1,24.0,1
CHEMBL4283240,COc1ccc2c3ccnc(Cl)c3n(CC#N)c2c1,24.0,3
CHEMBL5084166,Cc1nc2ccc(-c3cc(N)nc(N)c3)nc2n1C[C@@H](C)Oc1cccc(Br)n1,24.5,2
CHEMBL4641672,O=C(Nc1cc(-c2cn(C3CCOCC3)c3cnccc23)ccn1)N1CCOCC1,24.5,1
CHEMBL1802358,O=C1NC(Nc2ccccc2)=N/C1=C\c1ccc2c(c1)OCO2,24.6,11
CHEMBL3301610,CCN1CCN(Cc2ccc(Nc3ncc(F)c(-c4cc(F)c5nc(C)n(C(C)C)c5c4)n3)nc2)CC1,24.6,2
CHEMBL3883660,COc1ccc2c(c1)[nH]c1c3ccncc3cc(C#N)c21,25.0,1
CHEMBL4474836,COc1ccc2c3ccnc(C)c3n(CCCC(N)=O)c2c1,25.0,2
CHEMBL5439276,CNCC(NC1=N/C(=C\c2ccc3ncsc3c2)C(=O)N1)c1ccccc1.Cl.Cl,26.0,1
CHEMBL1704879,Cc1csc(CN(C)c2ncnc3ccc(-c4ccc5c(c4)OCO5)cc23)n1,26.0,1
CHEMBL2386759,NC(=O)c1nc2ccc3ncnc(Nc4ccc(F)cc4Br)c3c2s1,26.2,2
CHEMBL5080497,Cc1nc2ccc(-c3cc(N)nc(N)c3)nc2n1CCCC(F)(F)F,26.5,2
CHEMBL2392364,Clc1cc(Cl)cc(CNc2nccc(-c3ccc4c(c3)OCO4)n2)c1,27.0,2
CHEMBL4456985,COC(=O)CCCn1c2cc(OC)ccc2c2ccnc(C)c21,27.0,1
CHEMBL3885431,COc1cccc2c1[nH]c1c3ccncc3cc(C#N)c21,27.0,1
CHEMBL5423063,Cc1ccc(CNC2=N/C(=C\c3ccc4ncsc4c3)C(=O)N2)c(C)c1,27.0,1
CHEMBL5418020,O=C1NC(Nc2ccccc2)=N/C1=C\c1ccc2ncsc2c1,27.0,1
CHEMBL5180765,O=C1NC(Nc2ccc(F)cc2)=N/C1=C\c1ccc2c(c1)OCO2,28.0,1
CHEMBL5179721,O=C(O[C@@H]1Cc2c(O)cc(O)cc2O[C@H]1c1cc(O)c(O)c(O)c1)c1c(F)c(O)c(O)c(O)c1F,28.0,1
CHEMBL3092863,NCCOCCOCCOCCOc1ccc(NC2=N/C(=C\c3ccc4c(c3)OCO4)C(=O)N2)cc1,28.0,1
CHEMBL5557958,Cc1nc2ccc(-c3ccncc3)nn2c1-c1cccc(OC(F)(F)F)c1,28.0,1
CHEMBL4789145,CNC(=O)c1sc(-c2ccnc(NC(=O)CNCCNc3c4c(nc5ccccc35)CCCC4)c2)nc1OCC1CC1,28.3,1
CHEMBL4297639,CC(C)CC(=O)Nc1cncc(-c2ccc3[nH]nc(-c4nc5cncc(-c6cccc(F)c6)c5[nH]4)c3c2)c1,28.45,6
CHEMBL4292553,Oc1ccc(-c2cnc3[nH]cc(-c4ccc(F)cc4)c3c2)cc1O,28.6,2
CHEMBL5429707,CN1CC[C@@](C)(NC2=N/C(=C\c3ccc4ncsc4c3)C(=O)N2)C1=O,29.0,1
CHEMBL4281810,CCn1cc(-c2csc(-c3cncc(NC(=O)C4CC4)c3)c2)cn1,29.7,1
CHEMBL5435490,O=C1NC(N[C@@H](CO)Cc2ccccc2)=N/C1=C\c1ccc2ncsc2c1,30.0,1
CHEMBL3094452,COc1ncc2cc(C(=O)Nc3cc(C(=O)NCc4ccsc4)ccc3Cl)c(=O)[nH]c2n1,30.0,1
CHEMBL1552755,c1nc(NCC2CCCO2)c2cc(-c3ccc4c(c3)OCO4)ccc2n1,30.0,1
CHEMBL568150,O=C1NC(=O)/C(=C/c2ccc3nccnc3c2)S1,30.0,1
CHEMBL4067661,NC(=O)Nc1ccc(-c2cnc3[nH]cc(-c4ccc(O)cc4)c3c2)cc1,31.0,1
CHEMBL1591577,CN(Cc1cccs1)c1ncnc2ccc(-c3ccc4c(c3)OCO4)cc12,31.0,1
CHEMBL5208980,O=C1NC(Nc2ccccc2)=N/C1=C\c1ccc2c(c1)CCO2,32.0,1
CHEMBL5073581,Cc1nc2ccc(-c3cc(N)nc(N)c3)nc2n1Cc1ccc(F)cc1,32.0,1
CHEMBL4283765,O=C1NC(Nc2ccccc2)=N/C1=C/c1ccc2c(c1)OCO2,32.0,1
CHEMBL5431345,O=C1NC(N[C@@H]2COCC[C@H]2O)=N/C1=C\c1ccc2ncsc2c1,32.0,1
CHEMBL3589663,COc1cccc2c1[nH]c1c3ccccc3nc(C(=O)O)c21,32.0,1
CHEMBL5434349,Cc1csc(CNC2=N/C(=C\c3ccc4ncsc4c3)C(=O)N2)n1,32.0,1
CHEMBL4159941,COc1ccc2c(c1)[nH]c1c(Cl)nccc12,32.4,2
CHEMBL5181355,CCSC1=N/C(=C\c2ccc3c(c2)OCO3)C(=O)N1,33.0,1
CHEMBL4072506,COc1ccc2ncc(-c3cccc(/C=N/O)c3)n2n1,33.0,1
CHEMBL5417527,O=C1NC(Nc2ccccn2)=N/C1=C\c1ccc2ncsc2c1,33.0,1
CHEMBL4858785,COc1ccc(-c2n[nH]c3ncc(Nc4cccc(O)c4)cc23)cc1,33.0,1
CHEMBL5413427,O=C1NC(NC2CCCCCC2)=N/C1=C\c1ccc2[nH]ncc2c1,33.0,1
CHEMBL5542164,FC(F)(F)Oc1cccc(-c2cnc3ccc(-c4ccncc4)nn23)c1,33.06,4
CHEMBL3909052,CCOC(=N)c1nc2ccc3ncnc(Nc4ccc(Br)cc4F)c3c2s1,33.2,1
CHEMBL1946917,O=c1oc2cc(O)ccc2c2c1[nH]c1ccc(O)cc12,33.65,2
CHEMBL2386755,N=C(OCc1ccccc1)c1nc2ccc3ncnc(Nc4ccc5c(c4)OCO5)c3c2s1,33.93,2
CHEMBL5411157,CO[C@H]1CCCCC[C@H]1NC1=N/C(=C\c2ccc3ncsc3c2)C(=O)N1,34.0,1
CHEMBL5405680,COC(=O)[C@@H](CC(C)C)NC1=N/C(=C\c2ccc3ncsc3c2)C(=O)N1,34.0,1
CHEMBL5094822,Cc1cc2cc(-c3cc(N)nc(N)c3)ccc2o1,34.0,1
CHEMBL5092828,Cc1nc(NCc2ccoc2)c2c(-c3ccnc(N)c3)c[nH]c2n1,34.0,2
CHEMBL5633185,Cn1cc(-c2cccc(NC(=O)c3cc4c(nc3O[C@H]3C[C@@H](O)C3)OC(C)(C)C4)n2)cn1,34.0,1
CHEMBL3940669,NC(=O)c1nc2ccc3ncnc(Nc4ccc(Cl)cc4Cl)c3c2s1,34.9,1
CHEMBL6173699,COc1ccc2c(c1)C(=O)c1sc3ccc(O)cc3c1-2,35.0,1
CHEMBL1396654,Cc1ccsc1CNc1ncnc2ccc(-c3ccc4c(c3)OCO4)cc12,35.0,1
CHEMBL5173320,O=C(O[C@@H]1Cc2c(O)cc(O)cc2O[C@H]1c1cc(O)c(O)c(O)c1)c1cc(O)c(O)c(O)c1F,35.0,1
CHEMBL5434955,COC(=O)[C@H](Cc1ccccc1)NC1=N/C(=C\c2ccc3ncsc3c2)C(=O)N1,35.0,1
CHEMBL5203292,NC1=N/C(=C\c2ccc3c(c2)OCO3)C(=O)N1,35.0,1
CHEMBL4460242,CCCn1c2cc(OC)ccc2c2ccnc(C)c21,35.0,1
CHEMBL5092245,COc1nc(C)nc2[nH]cc(-c3ccnc(C)c3)c12,35.0,2
CHEMBL301226,COc1ccc(-c2c3c4cc(OC)c(O)cc4oc(=O)c3n3ccc4cc(O)c(OC)cc4c23)cc1O,35.0,1
CHEMBL5411626,CC(C)(C)OC[C@H](NC1=N/C(=C\c2ccc3ncsc3c2)C(=O)N1)c1ccccc1,35.0,1
CHEMBL325351,CCCCn1c2cc(OC)ccc2c2ccnc(C)c21,35.0,1
CHEMBL2386768,COC(=N)c1nc2ccc3ncnc(Nc4ccc(N(C)C)cc4)c3c2s1,35.64,2
CHEMBL5087900,Nc1cc(-c2ccc3occc3c2)nc(N)n1,36.0,1
CHEMBL5429359,COC[C@@H](CC(C)C)NC1=N/C(=C\c2ccc3ncsc3n2)C(=O)N1,36.5,1
CHEMBL3094438,Cc1ncc2cc(C(=O)Nc3cc(C(=O)NC(CCN)c4ccccc4)ccc3Cl)c(=O)[nH]c2n1,37.0,1
CHEMBL5409493,Cn1ncc2cc(/C=C3\N=C(NC4CCCCCC4)NC3=O)ccc21,37.0,1
CHEMBL5287080,Cc1[nH]nc2ccc(-c3cncc(OC[C@@H](N)CC(C)C)c3)cc12,37.2,1
CHEMBL4294049,COc1ccc(C(=O)Nc2cncc(-c3cc(-c4cccnc4)cs3)c2)c(F)c1,37.3,1
CHEMBL359554,c1ccc(Nc2nccc(-c3cnn4ncccc34)n2)cc1,38.0,1
CHEMBL6174603,COc1ccc(F)c(C(=O)Nc2cncc(-c3cc(-c4cccnc4)cs3)c2)c1,38.0,1
CHEMBL1515144,CCN(Cc1cccs1)c1ncnc2ccc(-c3ccc4c(c3)OCO4)cc12,38.0,1
CHEMBL5422963,COC[C@@H](CC(C)C)NC1=N/C(=C\c2ccc3nn(C)cc3c2)C(=O)N1,38.5,1
CHEMBL4061526,CC[C@@H](CO)Nc1ccc2ncc(-c3cccc(NC(C)=O)c3)n2n1,39.0,1
CHEMBL3963605,Nc1ncc(-c2ccccc2)nc1C(=O)Nc1cnccc1N1CCC(N)CC1,39.0,1
CHEMBL3589673,COc1ccc2nc(C(=O)O)c3c4cccc(Cl)c4[nH]c3c2c1,39.0,1
CHEMBL4440790,COc1ccc2c3ccnc(C)c3n(CCCNC(=O)OC(C)(C)C)c2c1,39.0,1
CHEMBL2386767,COC(=N)c1nc2ccc3ncnc(Nc4ccc(C(C)(C)C)cc4)c3c2s1,39.03,2
CHEMBL6014908,CC(=O)Nc1cncc(-c2nc3cc(C(C)=O)ccc3s2)c1,40.0,1
CHEMBL3775393,O=C1NC(=S)S/C1=C\c1ccc2ncsc2c1,40.0,1
CHEMBL1868723,FC(F)(F)c1cccc(Nc2nccc(-c3ccc4c(c3)OCO4)n2)c1,40.0,2
CHEMBL3735506,COCCN1CCC(CNC(=O)c2n[nH]c3ccc(-c4cccc(F)c4F)cc23)CC1,40.0,1
CHEMBL5206143,CCCSC1=N/C(=C\c2ccc3c(c2)OCO3)C(=O)N1,40.0,1
CHEMBL5271428,COc1ccc(/C=C2\SC(NCCCN3CCN(CCCNC4=NC(=O)/C(=C/c5ccc(OC)cc5)S4)CC3)=NC2=O)cc1,40.0,1
CHEMBL5207883,N#Cc1c(-c2ccccc2)[nH]c2c(Cl)cccc12,40.0,1
CHEMBL3103192,CC(=O)Nc1cc(Nc2cc(NC3CC3)n3ncc(C#N)c3n2)ccc1N(C)CCN,40.0,1
CHEMBL5394477,O=C1NC(NC2CCCCC2)=N/C1=C\c1ccc2ncoc2c1,40.0,1
CHEMBL2392365,Brc1cc(Br)cc(CNc2nccc(-c3ccc4c(c3)OCO4)n2)c1,40.5,2
CHEMBL5071425,Cc1nc2ccc(-c3cc(N)nc(N)c3)nc2n1C[C@H](C)Oc1ccccc1,40.5,2
CHEMBL3954779,C#Cc1cccc(Nc2ncnc3ccc4nc(C(=N)OC)sc4c23)c1,40.76,1
CHEMBL6171555,CN1CCC(n2cc(-c3cnc4[nH]cc(-c5cccc(F)c5)c4c3)cn2)CC1,41.0,1
CHEMBL3589674,COc1cccc(-c2ccc3nc(C(=O)O)c4c5cccc(Cl)c5[nH]c4c3c2)c1,41.0,1
CHEMBL3094451,COc1ncc2cc(C(=O)Nc3cc(C(=O)NCc4cccs4)ccc3Cl)c(=O)[nH]c2n1,41.0,1
CHEMBL44889,COc1ccc2c3ccnc(C)c3n(C)c2c1,41.5,2
CHEMBL5415462,O=C1NC(NC(CO)C2CCCCC2)=N/C1=C\c1ccc2ncsc2c1,42.0,1
CHEMBL5432739,O=C1NC(NC2CCC(F)(F)CC2)=N/C1=C\c1ccc2ncsc2c1,42.0,1
CHEMBL5089218,Nc1cc(-c2ccc3occc(=O)c3c2)cc(N)n1,42.0,1
CHEMBL99203,Nc1ncnc2c1c(I)cn2[C@@H]1O[C@H](CO)[C@@H](O)[C@H]1O,42.0,2
CHEMBL4292442,Cn1cc(-c2csc(-c3cncc(NC(=O)C4CC4)c3)c2)cn1,42.6,1
CHEMBL2386750,COC(=N)c1nc2ccc3ncnc(Nc4cccc(C#N)c4)c3c2s1,42.7,2
CHEMBL4634969,CC(C)Cn1cc(-c2ccncc2)c2ccncc21,43.0,2
CHEMBL4096575,Nc1ccc(-c2cnc3[nH]cc(-c4ccc(O)cc4)c3c2)cc1,43.0,3
CHEMBL4287985,c1cncc(-c2cc(-c3cncs3)cs2)c1,43.0,1
CHEMBL4641839,C[C@@H]1CN(C(=O)Nc2cc(-c3cn(C4CCOCC4)c4cnccc34)ccn2)C[C@H](C)O1,43.3,1
CHEMBL5793066,COc1ccc2sc(-c3cnccc3NC(=O)CNS(C)(=O)=O)nc2c1,43.7,1
CHEMBL5075321,Cc1[nH]c2ncc3cc2c1-c1cn(nc1C(F)(F)F)CCCC(=O)N(C)Cc1nn(C)c(C#N)c1-3,44.0,1
CHEMBL5422295,O=C1NC(N[C@@H](CO)CC2CCCC2)=N/C1=C\c1ccc2ncsc2c1,44.0,1
CHEMBL5206744,O=C1NC(Nc2ccccn2)=N/C1=C\c1ccc2c(c1)OCO2,44.0,1
CHEMBL4878881,Oc1ccc(-c2cnc3[nH]nc(-c4ccccc4)c3c2)cc1,44.0,1
CHEMBL5426049,CC[C@H](CO)NC1=N/C(=C\c2ccc3ncsc3c2)C(=O)N1,44.0,1
CHEMBL567331,c1csc(CNc2ncnc3ccc(-c4ccc5c(c4)OCO5)cc23)c1,44.5,2
CHEMBL5179350,O=C(Nc1ccc(NS(=O)(=O)c2cccc(F)c2)cc1)Nc1nc2ccc(O)cc2s1,45.0,2
CHEMBL5412998,O=C1NC(NC2CC3CCC2C3)=N/C1=C\c1ccc2ncsc2c1,45.0,1
CHEMBL5424363,O=C1NC(N[C@H]2CCOC2)=N/C1=C\c1ccc2ncsc2c1,45.0,1
CHEMBL4514653,COC(=O)CCn1c2cc(OC)ccc2c2ccnc(C)c21,45.5,2
CHEMBL3589660,O=C(O)c1nc2ccccc2c2[nH]c3c(Cl)cccc3c12,46.0,2
CHEMBL4073997,Nc1nccc(-c2c[nH]c3c(Cl)cccc23)n1,46.0,1
CHEMBL5430357,O=C1NC(NC2CCCCC2)=N/C1=C\c1ccc2ncsc2c1,46.0,1
CHEMBL5429789,O=C1NC(N[C@@H]2CCC[C@H]2O)=N/C1=C\c1ccc2ncsc2c1,46.0,1
CHEMBL5273528,CCNc1cc(Nc2ccc(C(=O)N3CCC(N4CCOCC4)CC3)cc2OC)nc2[nH]cc(C(F)(F)F)c12,46.1,3
CHEMBL5084504,Cc1nc2ccc(-c3cc(N)nc(N)c3)nc2n1C1CCCC1,46.5,2
CHEMBL5410991,O=C1NC(NC2CCCCCC2)=N/C1=C\c1ccc2c(c1)OCO2,47.0,1
CHEMBL5417693,O=C1NC(N[C@@H]2CCCC[C@H]2O)=N/C1=C\c1ccc2ncsc2c1,47.0,1
CHEMBL3094444,COc1ncc2cc(C(=O)Nc3cc(C(N)=O)ccc3Cl)c(=O)[nH]c2n1,47.0,1
CHEMBL3916163,CCCCOC(=N)c1nc2ccc3ncnc(Nc4ccc(Cl)cc4Cl)c3c2s1,47.5,1
CHEMBL5077422,Cc1nc2ccc(-c3cc(N)nc(N)c3)nc2n1CCOc1ccccn1,47.5,2
CHEMBL6142609,Fc1cccc(-c2c[nH]c3ncc(-c4cnn(C5CCNCC5)c4)cc23)c1,48.0,1
CHEMBL1803085,O=C1NC(Nc2ccc(O)cc2)=N/C1=C\c1ccc2c(c1)OCO2,48.5,2
CHEMBL5405969,O=C1NC(NCc2ccccc2)=N/C1=C\c1ccc2ncsc2c1,49.0,1
CHEMBL4295177,O=C(Nc1cncc(-c2cc(-c3cccnc3)cs2)c1)c1ccc(F)cc1F,49.0,1
CHEMBL4173266,COc1ccc2c(c1)[nH]c1c(C)nc(CO)cc12,49.5,1
CHEMBL4084919,CC[C@H](CO)/N=C/c1cccc(-c2cnc3ccc(N[C@H](CC)CO)nn23)c1,50.0,1
CHEMBL5288413,NCCC(NC(=O)c1ccc(Cl)c(NC(=O)c2cc3cnc(CC(N)=O)nc3[nH]c2=O)c1)c1ccccc1,50.0,1
CHEMBL5394613,O=C1NC(NC23CC4CC(CC(C4)C2)C3)=N/C1=C\c1ccc2c(c1)CCO2,50.0,1
CHEMBL5394394,CO[C@@H]1CCCC[C@H]1NC1=N/C(=C\c2ccc3ncsc3c2)C(=O)N1,50.0,1
CHEMBL5394513,Cn1ncc2cccc(NC3=N/C(=C\c4ccc5ncsc5c4)C(=O)N3)c21,50.0,1
CHEMBL3883764,N#Cc1cc2cnccc2c2[nH]c3ccccc3c12,50.0,1
CHEMBL5431535,O=C1NC(N[C@@H](CO)CC2CCCCC2)=N/C1=C\c1ccc2ncsc2c1,50.0,1
CHEMBL5083242,COc1nc(C)nc2[nH]cc(-c3ccncc3)c12,50.0,1
CHEMBL3092862,NCCOCCOCCOc1ccc(NC2=N/C(=C\c3ccc4c(c3)OCO4)C(=O)N2)cc1,50.0,1
CHEMBL6147383,COCCn1nc2c(c1C#N)-c1cnc3[nH]cc(c3c1)-c1cn(nc1C(F)(F)F)CCCC(=O)N(C)C2,50.0,1
CHEMBL5429703,O=C1NC(N[C@H]2CCCC[C@H]2O)=N/C1=C\c1ccc2ncsc2c1,51.0,1
CHEMBL5082456,CCCCn1c(C)nc2ccc(-c3cc(N)nc(N)c3)nc21,51.0,2
CHEMBL5076145,Cc1nc(NCc2cscn2)c2c(-c3ccnc(N)c3)c[nH]c2n1,51.0,1
CHEMBL1396483,CN(Cc1nccs1)c1ncnc2ccc(-c3ccc4c(c3)OCO4)cc12,51.0,1
CHEMBL5072383,Cc1nc(N)c2c(C#N)c(-c3cccc(F)c3F)[nH]c2n1,51.0,2
CHEMBL4292471,Cc1ccc(C(=O)Nc2cncc(-c3cc(-c4cccnc4)cs3)c2)cc1,51.4,1
CHEMBL5905563,COc1ccc2sc(-c3cnccc3NC3CCN(S(C)(=O)=O)CC3)nc2c1,51.8,1
CHEMBL409450,O=C1Nc2cc(Br)ccc2/C1=C1/Nc2ccccc2/C1=N\O,52.0,1
CHEMBL3094439,COc1nc(C)c2cc(C(=O)Nc3cc(C(=O)NC(CCN)c4ccccc4)ccc3Cl)c(=O)[nH]c2n1,52.0,1
CHEMBL6171601,COc1ccc2sc3c(c2c1)-c1ccccc1C3=O,52.0,1
CHEMBL4089159,COC(=O)C1=C(Nc2ccccc2Cl)O/C(=C\c2c[nH]c3ncccc23)C1=O,53.0,1
CHEMBL5406864,COC[C@@H](CC(C)C)NC1=N/C(=C\c2ccc3c(c2)OCO3)C(=O)N1C,53.5,1
CHEMBL6175513,COc1cccc2c1C(=O)c1sc3ccc(O)cc3c1-2,54.0,1
CHEMBL5397281,O=C1NC(N[C@@H]2CCCOC2)=N/C1=C\c1ccc2ncsc2c1,54.0,1
CHEMBL5187181,O=C(O[C@@H]1Cc2c(O)cc(O)cc2O[C@H]1c1cc(O)c(O)c(O)c1F)c1cc(O)c(O)c(O)c1F,54.0,1
CHEMBL4755730,C=C(c1ccc2c(c1)CC(C)(C)c1c(N)ncnc1-2)C1CCNCC1,54.0,1
CHEMBL3982462,COC(=N)c1nc2ccc3ncnc(Nc4ccc(N5CCCC5)cc4)c3c2s1,54.84,1
CHEMBL5957135,COc1cc(C(=O)N2CCOCC2)ccc1Nc1cc(NC2CC2)c2c(C(F)(F)F)c[nH]c2n1,55.0,1
CHEMBL5859322,COCCNc1cc(Nc2cnn([C@H]3CCN(C4COC4)C[C@@H]3F)c2Cl)nc2[nH]cc(C(F)(F)F)c12,55.0,1
CHEMBL5895266,COCCN(C)c1cc(Nc2cnn([C@H]3CCN(C4COC4)C[C@@H]3F)c2Cl)nc2[nH]cc(C(F)(F)F)c12,55.0,1
CHEMBL5969885,COCCNc1cc(Nc2cc(OC)c(OC)c(OC)c2)nc2[nH]cc(C#N)c12,55.0,1
CHEMBL5905231,CCNc1cc(Nc2cnn([C@H]3CCN(C4COC4)C[C@@H]3F)c2Cl)nc2[nH]cc(C(F)(F)F)c12,55.0,1
CHEMBL6022072,CNc1cc(Nc2cnn([C@H]3CCN(C4COC4)C[C@@H]3F)c2Cl)nc2[nH]cc(C(F)(F)F)c12,55.0,1
CHEMBL5839782,CCNc1cc(Nc2cc(F)c(C(=O)NC3CCN(C(C)C)CC3)cc2OC)nc2[nH]cc(C(F)(F)F)c12,55.0,1
CHEMBL5843170,CCNc1cc(Nc2ccc(C(=O)N3CCC(N4CCN(C)CC4)CC3)cc2OC)nc2[nH]cc(C(F)(F)F)c12,55.0,1
CHEMBL5811543,CCNc1cc(Nc2cc(OC)c(OC)c(OC)c2)nc2[nH]cc(C(F)(F)F)c12,55.0,1
CHEMBL6048308,COCCNc1cc(Nc2ccc(C(=O)N3CCOCC3)cc2OC)nc2[nH]cc(C(F)(F)F)c12,55.0,1
CHEMBL5771313,COCCNc1cc(Nc2ccc(C(=O)N3CCN(C)CC3)cc2OC)nc2[nH]cc(C(F)(F)F)c12,55.0,1
CHEMBL5879474,COCCN(C)c1cc(Nc2ccc(C(=O)N3CCC(N4CCOCC4)CC3)cc2OC)nc2[nH]cc(C(F)(F)F)c12,55.0,1
CHEMBL5888844,CNc1cc(Nc2cc(F)c(C(=O)N3CCN(C)CC3)cc2OC)nc2[nH]cc(C(F)(F)F)c12,55.0,1
CHEMBL5838450,COc1cc(C(=O)N2CCC(N3CCOCC3)CC2)ccc1Nc1cc(N[C@@H](CO)C(C)C)c2c(C(F)(F)F)c[nH]c2n1,55.0,1
CHEMBL1236620,CCOC(=O)c1c(/C(C#N)=C\N)c2ccc(Cl)c(Cl)c2n1C,55.0,6
CHEMBL6039040,COCCN(C)c1cc(Nc2ccc(C(=O)N3CCOCC3)cc2OC)nc2[nH]cc(C(F)(F)F)c12,55.0,1
CHEMBL5913815,COc1cc(C(=O)N2CCC(N3CCOCC3)CC2)ccc1Nc1cc(NC2CC2)c2c(C(F)(F)F)c[nH]c2n1,55.0,1
CHEMBL6002009,COCCNc1cc(Nc2cc(F)c(C(=O)NC3CCN(C)CC3)cc2OC)nc2[nH]cc(C(F)(F)F)c12,55.0,1
CHEMBL5918840,COc1cc(C(=O)N2CCC(N3CCOCC3)CC2)ccc1Nc1cc(NC(C)C)c2c(C(F)(F)F)c[nH]c2n1,55.0,1
CHEMBL4090007,CCOC(=O)c1c(/C(C#N)=C/N)c2ccc(Cl)c(Cl)c2n1C,55.2,1
CHEMBL5289480,COc1ccc2c(c1)[nH]c1c(C(F)(F)F)nccc12,56.0,1
CHEMBL4066450,COc1ccc2c(c1)[nH]c1c(CO)nccc12,56.0,3
CHEMBL4088888,CS(=O)(=O)Nc1ccc(-c2cnc3[nH]cc(-c4ccc(O)cc4)c3c2)cc1,56.0,1
CHEMBL3589675,COc1ccc(-c2ccc3nc(C(=O)O)c4c5cccc(Cl)c5[nH]c4c3c2)cc1,56.0,1
CHEMBL5406461,COCC(Cc1ccccc1)NC1=N/C(=C\c2ccc3ncsc3c2)C(=O)N1,56.0,1
CHEMBL4871412,Oc1ccc(-c2n[nH]c3ncc(Br)cc23)cc1,56.0,1
CHEMBL5930266,CC(=O)c1ccc2sc(-c3cncc(NC(N)=O)c3)nc2c1,56.0,1
CHEMBL5072926,Cc1nc2ccc(-c3cc(N)nc(N)c3)nc2n1CCC1CCCCC1,57.0,2
CHEMBL4071322,CCOC(=O)c1cccc(-c2cnc3ccc(N[C@@H](CC)CO)nn23)c1,57.0,1
CHEMBL1476499,Cc1occc1CNc1ncnc2ccc(-c3ccc4c(c3)OCO4)cc12,57.0,1
CHEMBL4294080,O=C(Nc1cncc(-c2cc(-c3cccnc3)cs2)c1)C1CCC1,57.8,1
CHEMBL5406568,O=C1NC(NCc2ccccn2)=N/C1=C\c1ccc2ncsc2c1,58.0,1
CHEMBL5093741,CN1Cc2nn(C)c(C#N)c2-c2cnc3[nH]cc(c3c2)-c2cn(nc2C(F)(F)F)CCCC1=O,58.4,3
CHEMBL4439133,Cc1n[nH]cc1-c1cc2nc([C@@H]3CCCCN3)[nH]c(=O)c2s1.Cl.Cl,59.0,1
CHEMBL4277878,COc1cc2cc(C(=O)Nc3cc(C(=O)NC(CN)c4ccccc4)ccc3C)c(=O)[nH]c2cc1OC,59.0,1
CHEMBL5180939,O=C(O[C@@H]1Cc2c(O)cc(O)cc2O[C@H]1c1cc(O)c(O)c(O)c1F)c1cc(O)c(O)c(O)c1,60.0,1
CHEMBL269538,COc1ccc2c(c1)[nH]c1c(C)nccc12,60.0,45
CHEMBL270636,CCOc1cc(/C=C2\SC(=S)NC2=O)ccc1OC,60.2,1
CHEMBL5188976,CCOc1cc(/C=C2\SC(=S)NC2=O)ccc1O,60.2,1
CHEMBL4075648,Clc1cnccc1-c1c[nH]c2cnccc12,61.0,1
CHEMBL4087456,Nc1nccc(-c2c[nH]c3cc(C(F)(F)F)ccc23)n1,62.0,1
CHEMBL5433242,O=C1CC[C@H](NC2=N/C(=C\c3ccc4ncsc4c3)C(=O)N2)CN1,62.0,1
CHEMBL4277134,O=C(Nc1ccc(C(=O)NCc2ccccc2)cc1)Nc1nc2ccc(O)cc2s1,63.0,4
CHEMBL4102871,CC(=O)Nc1cccc(Nc2ccc3ncc(-c4cccc(NC(C)=O)c4)n3n2)c1,63.0,1
CHEMBL4521356,COC(=O)Cn1c2cc(OC)ccc2c2ccnc(C)c21,64.0,1
CHEMBL366259,Cc1ccccc1Nc1nccc(-c2cnn3ncccc23)n1,64.0,1
CHEMBL5940537,CNCc1cncc(-c2nc3cc(C(C)=O)ccc3s2)c1,65.0,1
CHEMBL5407529,Cn1ccc(NC2=N/C(=C\c3ccc4ncsc4c3)C(=O)N2)n1,65.0,1
CHEMBL5091344,Cc1nc(N)c2c(C#N)c(-c3cccnc3)[nH]c2n1,65.0,1
CHEMBL5435495,C[C@]12CC3CC(NC4=N/C(=C\c5ccc6ncsc6c5)C(=O)N4)(C1)C[C@@](C)(C3)C2,66.0,1
CHEMBL4852944,F[C@@H]1CCN(c2nccc(-c3cnn4ncccc34)n2)C1,66.07,1
CHEMBL1957115,COc1ccc2c(c1)[nH]c1c(C(C)=O)nccc12,66.7,1
CHEMBL3970062,COC(=N)c1nc2ccc3ncnc(Nc4ccc(Cl)c(Cl)c4)c3c2s1,66.82,1
CHEMBL1947110,O=c1oc2ccc(O)cc2c2c1[nH]c1ccc(O)cc12,67.0,2
CHEMBL5423245,Cn1cnc2ccc(/C=C3\N=C(NC4CCCCCC4)NC3=O)cc21,67.0,1
CHEMBL5425792,Cn1cc2cc(/C=C3\N=C(NC4CCCCCC4)NC3=O)ccc2n1,67.0,1
CHEMBL5091644,CCCCc1nc2ccc(-c3cc(N)nc(N)c3)nc2n1CCCC,68.0,2
CHEMBL5407057,CN1CCN(c2ncc(NC3=N/C(=C\c4ccc5ncsc5c4)C(=O)N3)cn2)CC1,68.0,1
CHEMBL5092833,Cc1nc2ccc(-c3cc(N)nc(N)c3)nc2n1C[C@@H](C)Oc1ccccn1,69.0,2
CHEMBL5398683,CC(C)C[C@H](COC(C)(C)C)NC1=N/C(=C\c2ccc3ncsc3c2)C(=O)N1,69.0,1
CHEMBL4098505,Fc1cc(-c2c[nH]c3cnccc23)ccn1,69.0,1
CHEMBL5195122,COc1cc(/C=C2\N=C(Nc3ccccc3)NC2=O)ccc1O,70.0,1
CHEMBL5198172,N#Cc1c(C2CCCC2)[nH]c2c(I)cccc12,70.0,1
CHEMBL1705549,c1csc(CNc2ncnc3ccc(-c4ccc5c(c4)OCO5)cc23)n1,70.0,1
CHEMBL14285,Cc1nccc2c1[nH]c1cc(O)ccc12,70.0,3
CHEMBL5428588,CC(C)C[C@H](COCc1ccccc1)NC1=N/C(=C\c2ccc3ncsc3c2)C(=O)N1,71.0,1
CHEMBL5416744,Cn1ncc2cc(/C=C3\N=C(NC45CC6CC(CC(C6)C4)C5)NC3=O)ccc21,71.0,1
CHEMBL5170033,Cc1ccc(NC2=N/C(=C\c3ccc4c(c3)OCO4)C(=O)N2)c(C)c1,72.0,1
CHEMBL4876980,N[C@@H]1CCN(c2nccc(-c3cnn4ncccc34)n2)C1,72.44,1
CHEMBL1947105,O=c1oc2ccc(O)cc2c2c1[nH]c1ccccc12,74.0,1
CHEMBL5395680,O=C1NC(NC2CCCCC2)=N/C1=C\c1ccc2c(c1)OCO2,74.0,1
CHEMBL5191815,C.O=c1oc2cc(O)ccc2c2c1[nH]c1ccccc12,74.0,1
CHEMBL5196635,COc1cccc(-c2cnc(N)c(C(=O)Nc3cnccc3N3CCC(C(=O)O)CC3)n2)c1,74.0,1
CHEMBL1357975,c1coc(CCNc2ncnc3ccc(-c4ccc5c(c4)OCO5)cc23)c1,74.0,1
CHEMBL4579529,COc1ccc2c3ccnc(C)c3n(CCCNC(C)=O)c2c1,74.0,1
CHEMBL5183602,O=C(O[C@@H]1Cc2c(O)cc(O)cc2O[C@H]1c1ccc(O)c(O)c1)c1cc(O)c(O)c(O)c1F,74.0,1
CHEMBL5420112,COC[C@@H](CC(C)C)NC1=N/C(=C\c2ccc3c(cnn3C)c2)C(=O)N1,74.4,1
CHEMBL4105084,CC[C@@H](CO)Nc1ccc2ncc(-c3cccc(Cl)c3)n2n1,75.0,1
CHEMBL3297832,COc1c(O)ccc2c(=O)c3c(O)cc4c(c3[nH]c12)C=CC(C)(C)O4,75.0,1
CHEMBL4080488,Cc1cc(-c2c[nH]c3cnccc23)ccn1,75.0,1
CHEMBL4874455,COc1ccc(-c2n[nH]c3ncc(-c4ccc(OC)c(OC)c4)cc23)cc1,75.0,1
CHEMBL4287083,CCCn1cc(-c2csc(-c3cncc(NC(=O)C4CC4)c3)c2)cn1,76.0,1
CHEMBL5416161,CC(C)C[C@H](COCc1ccc(F)cc1)NC1=N/C(=C\c2ccc3ncsc3c2)C(=O)N1,76.0,1
CHEMBL5090552,Nc1cc(-c2ccc3oc(Cl)cc3c2)cc(N)n1,76.0,1
CHEMBL1354134,c1nc(NCC2CCCC2)c2cc(-c3ccc4c(c3)OCO4)ccc2n1,76.0,1
CHEMBL5194689,O=C1NC(Nc2ccccc2)=N/C1=C\c1ccc2c(c1)OCCO2,76.0,1
CHEMBL5417699,COC[C@@H](CC(C)C)NC1=N/C(=C\c2ccc3[nH]cnc3c2)C(=O)N1,76.6,1
CHEMBL5083557,Cc1cc(-c2ccc3occc3c2)cc(N)n1,77.0,1
CHEMBL5425748,O=C1NC(NC2CCCCCC2)=N/C1=C\c1ccc2c(c1)CCO2,77.0,1
CHEMBL6029727,CNC(=O)COc1ccc2sc(-c3cncc(NC(C)=O)c3)nc2c1,77.4,1
CHEMBL1885536,c1cc(-c2ccc3c(c2)OCO3)nc(Nc2ccc3c(c2)OCO3)n1,77.5,2
CHEMBL4077159,O/N=C/c1cccc(-c2cnc3ccc(Cl)nn23)c1,78.0,1
CHEMBL5414174,COC[C@@H](CC(C)C)NC1=N/C(=C\c2ccc3ncn(C)c3c2)C(=O)N1,78.7,1
CHEMBL5418629,COCC(NC1=N/C(=C\c2ccc3ncsc3c2)C(=O)N1)C1CCCCC1,79.0,1
CHEMBL6170224,COc1cccc(-c2c[nH]c3ncc(-c4cnn(C5CCN(C)CC5)c4)cc23)c1,79.0,1
CHEMBL4093104,CC[C@@H](CO)Nc1ccc2ncc(-c3cccc(C=O)c3)n2n1,79.0,1
CHEMBL1802963,Nc1nccc(-c2c[nH]c3c(Br)cccc23)n1,79.0,1
CHEMBL4845809,c1cnn2ncc(-c3ccnc(N4CCC45COC5)n3)c2c1,79.43,1
CHEMBL4637319,Cc1cccc(N(C)c2nccc(-c3cnn4ncccc34)n2)c1,79.43,3
CHEMBL3906791,COC(=N)c1nc2ccc3ncnc(N(C)c4ccc(OC)cc4)c3c2s1,79.85,1
CHEMBL513265,COc1c(O)cc2c3c1-c1ccccc1CC3NC2=O,80.0,1
CHEMBL6168079,COc1cccc(-c2c[nH]c3ncc(-c4cnn(C5CCNCC5)c4)cc23)c1,81.0,1
CHEMBL4291029,COc1ccc2c3ccnc(C)c3n(CC#N)c2c1,81.0,1
CHEMBL2386744,COC(=N)c1nc2ccc3ncnc(Nc4ccc(Br)cc4F)c3c2s1,81.8,4
CHEMBL5092736,CCCCn1c(CC)nc2ccc(-c3cc(N)nc(N)c3)nc21,82.0,2
CHEMBL4563765,COc1ccc2c3ccnc(C)c3n(CCCCC(N)=O)c2c1,83.5,1
CHEMBL1725513,c1coc(CNc2ncnc3ccc(-c4ccc5c(c4)OCO5)cc23)c1,84.0,1
CHEMBL5428107,O=C1NC(N[C@H]2CN3CCC2CC3)=N/C1=C\c1ccc2ncsc2c1,84.0,1
CHEMBL5422667,COC[C@@H](CC(C)C)NC1=N/C(=C\c2ccc3nn(C)cc3c2)C(=O)N1C,84.4,1
CHEMBL5075335,CN1Cc2nn(C)cc2-c2cnc3[nH]cc(c3c2)-c2cnn(c2)CCCC1=O,85.5,2
CHEMBL4087125,Oc1ccc(-c2c[nH]c3ncc(-c4ccc(-c5nnn[nH]5)cc4)cc23)cc1,86.0,1
CHEMBL5081601,COc1c2c(nn1C)CN(C(C)C)C(=O)CCCn1cc(c(C(F)(F)F)n1)-c1c[nH]c3ncc-2cc13,86.0,1
CHEMBL3421968,COc1cc(N2CCN(C)CC2)ccc1Nc1nccc(-c2cn(C)c3cnccc23)n1,86.05,4
CHEMBL5432194,COC[C@@H](CC(C)C)NC1=N/C(=C\c2ccc3[nH]ncc3c2)C(=O)N1,88.0,1
CHEMBL4077010,Cn1cc(-c2ccncc2)c2ccncc21,89.0,1
CHEMBL4855547,COC(=O)CCOc1ccc2c(c1)[nH]c1c(C)nccc12,89.0,1
CHEMBL4291297,O=C(Nc1cncc(-c2cc(-c3cccnc3)cs2)c1)c1ccccc1Cl,90.5,1
CHEMBL4878373,Brc1cnc2[nH]nc(-c3cncnc3)c2c1,92.0,1
CHEMBL1803069,CN1C(=O)/C(=C/c2ccc3c(c2)OCO3)N=C1Nc1ccccc1,93.0,1
CHEMBL1473127,Cc1ccc(CNc2ncnc3ccc(-c4ccc5c(c4)OCO5)cc23)o1,93.0,1
CHEMBL1436585,c1nc(NCC2CCOC2)c2cc(-c3ccc4c(c3)OCO4)ccc2n1,93.0,1
CHEMBL4070189,CC[C@@H](CO)Nc1ccc2ncc(-c3cccc(S(C)(=O)=O)c3)n2n1,93.0,1
CHEMBL1898197,Clc1ccc(CNc2nccc(-c3ccc4c(c3)OCO4)n2)cc1Cl,93.0,2
CHEMBL5394278,Cn1cnc2ccc(/C=C3\N=C(NC4CCCCC4)NC3=O)cc21,93.0,1
CHEMBL5818196,COc1ccc2sc(-c3cnccc3NC3CCN(C(C)=O)CC3)nc2c1,93.8,1
CHEMBL5429086,CO[C@H]1CC[C@H](NC2=N/C(=C\c3ccc4ncsc4c3)C(=O)N2)CC1,94.0,1
CHEMBL4086818,Nc1cc(-c2c[nH]c3c(Cl)cccc23)ccn1,94.0,1
CHEMBL4287375,CN1CCN(C(=O)c2ccc(NC(=O)Nc3nc4ccc(O)cc4s3)cc2)CC1,95.0,4
CHEMBL5430485,C[C@@H](NC1=N/C(=C\c2ccc3ncsc3c2)C(=O)N1)C1CCCCC1,95.0,1
CHEMBL5557911,Cc1cc(-c2ccc3ncc(-c4cccc(OC(F)(F)F)c4)n3n2)ccn1,96.0,1
CHEMBL5088267,COCCCNc1cc(-c2ccc3occc3c2)cc(N)n1,96.0,1
CHEMBL5424064,O=C1NC(Nc2ccc(F)cc2)=N/C1=C\c1ccc2ncsc2c1,97.0,1
CHEMBL3094442,COC(=O)c1ccc(Cl)c(NC(=O)c2cc3cnc(OC)nc3[nH]c2=O)c1,97.0,1
CHEMBL4636572,COc1cccc(N(C)c2nccc(-c3cnn4ncccc34)n2)c1,97.0,1
CHEMBL4437998,COC(=O)CCCCn1c2cc(OC)ccc2c2ccnc(C)c21,97.0,1
CHEMBL5413622,COc1ccc(-c2c[nH]c3ncc(NCc4cc(F)cc(F)c4)cc23)cc1,97.0,1
CHEMBL5408457,O=C1NC(NC2CCCCCC2)=N/C1=C\c1ccc2[nH]cnc2c1,98.0,1
CHEMBL4552025,COc1ccc2c3ccnc(C)c3n(CCCN(C)C(C)=O)c2c1,98.0,1
CHEMBL5434728,O=C1NC(NCc2ccncc2)=N/C1=C\c1ccc2ncsc2c1,99.0,1
CHEMBL3884821,COc1ccc2c(c1)[nH]c1c3c(OC)cncc3cc(C#N)c21,99.0,2
CHEMBL4638292,Nc1ncc(-c2ccccc2)nc1C(=O)Nc1cnccc1N1CCC(C(=O)O)CC1,100.0,3
CHEMBL3597991,c1cncc(-c2csc(-c3cncs3)c2)c1,100.0,1
CHEMBL3774830,O=C1NC(=S)S/C1=C\c1ccc2c(c1)CCO2,100.0,1
CHEMBL6164605,CN1CCN(c2ccc(-c3ncnc4ccc(-c5ccnc(N)c5)cc34)cc2F)CC1,100.0,1
CHEMBL4852650,CN(CCCC(F)(F)F)c1nccc(-c2cnn3ncccc23)n1,100.0,1
CHEMBL4281037,Nc1cncc(-c2cc(-c3cccnc3)cs2)c1,101.0,2
CHEMBL359794,N#Cc1ccc(Nc2nccc(-c3cnn4ncccc34)n2)cc1,103.0,1
CHEMBL4062218,CNC(=O)c1ccc(Nc2nc(OC3CCCC3)c3c(-c4ccc5nc(C)oc5c4)c[nH]c3n2)c(OC)c1,104.0,2
CHEMBL5439694,O=C1NC(NC2CCCC2)=N/C1=C\c1ccc2ncsc2c1,105.0,1
CHEMBL5413138,CN1CCCC(NC2=N/C(=C\c3ccc4ncsc4c3)C(=O)N2)C1=O,105.0,1
CHEMBL6173104,O=C1c2ccccc2-c2c1sc1ccc(O)cc21,105.0,1
CHEMBL1902528,c1cncc(CNc2nccc(-c3ccc4[nH]ncc4c3)n2)c1,105.5,2
CHEMBL4638460,c1ccc(Cn2cc(-c3ccncc3)c3ccncc32)cc1,106.0,1
CHEMBL5410811,CC(=O)/C=C1\Sc2ccc(O)cc2N1CCc1ccccc1,106.0,1
CHEMBL5412372,O=C1NC(NC2COC2)=N/C1=C\c1ccc2ncsc2c1,106.0,1
CHEMBL4290223,O=C(Nc1cncc(-c2cc(-c3cccnc3)cs2)c1)c1ccccc1F,106.7,1
CHEMBL4286821,O=C(Nc1cncc(-c2cc(-c3cccnc3)cs2)c1)c1ccncc1,107.0,1
CHEMBL5185250,O=C(O[C@@H]1Cc2c(O)cc(O)cc2O[C@H]1c1cc(O)c(O)c(O)c1)c1cc(O)c(O)cc1F,107.0,1
CHEMBL3094445,CNC(=O)c1ccc(Cl)c(NC(=O)c2cc3cnc(OC)nc3[nH]c2=O)c1,107.0,1
CHEMBL5196245,O=C(O[C@@H]1Cc2c(O)cc(O)cc2O[C@H]1c1cc(O)c(O)c(O)c1)c1ccc(O)c(O)c1O,108.0,1
CHEMBL5437946,CC[C@@H](CO)NC1=N/C(=C\c2ccc3ncsc3c2)C(=O)N1,108.0,1
CHEMBL1614713,c1cc(OCCN2CCCCC2)cc(-c2n[nH]c3ccc(-c4nnc[nH]4)cc23)c1,108.45,2
CHEMBL4095674,c1cc(-c2cn(CCCN3CCOCC3)c3cnccc23)ccn1,109.0,1
CHEMBL4648945,c1cc(-c2cn(CC3CC3)c3cnccc23)ccn1,109.0,1
CHEMBL4859912,CC1CCCN1c1nccc(-c2cnn3ncccc23)n1,109.65,1
CHEMBL5187753,CSC1=N/C(=C\c2ccc3c(c2)OCO3)C(=O)N1,110.0,1
CHEMBL1802355,COc1ccc(NC2=N/C(=C\c3ccc4c(c3)OCO4)C(=O)N2)cc1,110.0,1
CHEMBL4065432,CC[C@@H](CO)Nc1ccc2ncc(-c3cccc(/C=N/O)c3)n2n1,110.0,1
CHEMBL4074499,CC(=O)Nc1cccc(Nc2ccc3ncc(-c4cccc(Cl)c4)n3n2)c1,110.0,1
CHEMBL4288096,COc1ccc(/C=C2\SC(=S)NC2=O)cc1C#C[Si](C)(C)C,110.0,2
CHEMBL5272802,NCn1c(-c2nonc2N)nc2cnccc21,110.0,1
CHEMBL189657,CCn1c(-c2nonc2N)nc2cnccc21,110.0,2
CHEMBL5435753,Cc1nc2ccc(/C=C3\N=C(NC4CCCCCC4)NC3=O)cc2s1,111.0,1
CHEMBL4513287,COC(=O)CCCCCn1c2cc(OC)ccc2c2ccnc(C)c21,112.0,1
CHEMBL5429691,COC[C@@H](CC(C)C)NC1=N/C(=C\c2ccc3[nH]cnc3c2)C(=O)N1C,112.3,1
CHEMBL5403642,COC[C@H](CC(C)C)NC1=N/C(=C\c2ccc3ncsc3c2)C(=O)N1,112.45,2
CHEMBL5395027,CO[C@H]1CCCC[C@H]1NC1=N/C(=C\c2ccc3ncsc3c2)C(=O)N1,113.0,1
CHEMBL5183410,O=c1c2c(ccc3nc(-c4cnccn4)sc32)ncn1Cc1ccccc1,113.0,1
CHEMBL1904905,Clc1ccc(CNc2nccc(-c3ccc4c(c3)OCCO4)n2)cc1Cl,114.0,2
CHEMBL5073976,Cc1nc2ccc(-c3cc(N)nc(N)c3)nc2n1CCc1ccco1,114.5,2
CHEMBL4851717,Cc1cnn2ncc(-c3ccnc(N(C)C)n3)c2c1,114.82,1
CHEMBL4848696,CN(c1nccc(-c2cnn3ncccc23)n1)C1CC1,114.82,1
CHEMBL4853444,C[C@H]1CCN(c2nccc(-c3cnn4ncccc34)n2)C1,114.82,1
CHEMBL5207075,O=C(O[C@@H]1Cc2c(O)cc(O)cc2O[C@H]1c1cc(O)c(O)cc1F)c1cc(O)c(O)c(O)c1F,115.0,1
CHEMBL3094441,COC(=O)c1ccc(C)c(NC(=O)c2cc3cnc(OC)nc3[nH]c2=O)c1,116.0,1
CHEMBL4762964,Cn1cc(-c2ccc3occ(-c4cccc(-c5cc[nH]n5)c4)c3n2)cn1,116.0,1
CHEMBL6176357,COc1ccc2c(c1)-c1c(sc3ccc(O)cc13)C2=O,116.0,1
CHEMBL5094409,Cc1nc2ccc(-c3cc(N)nc(N)c3)nc2n1C(C)(C)C,117.5,2
CHEMBL1437638,Cc1nnc(CN(C)c2ncnc3ccc(-c4ccc5c(c4)OCO5)cc23)o1,120.0,1
CHEMBL5428562,CN1CC[C@](C)(NC2=N/C(=C\c3ccc4ncsc4c3)C(=O)N2)C1=O,120.0,1
CHEMBL3589672,O=C(O)c1nc2ccc(I)cc2c2[nH]c3c(Br)cccc3c12,120.0,1
CHEMBL4089652,CC[C@@H](CO)Nc1ccc2ncc(-c3cccc(SC)c3)n2n1,120.0,1
CHEMBL5207974,O=C1NC(Nc2ccccc2)=N/C1=C\c1ccc2c(c1)CCCO2,120.0,1
CHEMBL1803079,CCCNC1=N/C(=C\c2ccc3c(c2)OCO3)C(=O)N1,120.0,1
CHEMBL5091537,Cc1nc(N)c2c(C#N)c(-c3cccc(F)c3F)n(C)c2n1,120.0,1
CHEMBL5413503,Cc1ccc(CNC2=N/C(=C\c3ccc4ncsc4c3)C(=O)N2)cc1C,120.0,1
CHEMBL4284209,CC(C)c1cnn2c(NCc3ccc(-c4ccccn4)cc3)nc(N[C@H]3CC[C@H](N)CC3)nc12,120.0,1
CHEMBL4070227,CC[C@@H](CO)/N=C/c1cccc(-c2cnc3ccc(N[C@@H](CC)CO)nn23)c1,120.0,1
CHEMBL5398512,O=C1NC(NCC(O)Cc2ccccc2)=N/C1=C\c1ccc2ncsc2c1,121.0,1
CHEMBL264938,O=C(O[C@@H]1Cc2c(O)cc(O)cc2O[C@H]1c1cc(O)c(O)c(O)c1)c1cc(O)c(O)c(O)c1,121.0,1
CHEMBL5641626,OCCN1CCC(C2CCN(c3nc(NCc4cccc(F)c4F)c4ncn(C5CCCC5)c4n3)CC2)CC1,122.0,1
CHEMBL3298236,c1ccc(-c2ccc3[nH]ncc3c2)cc1,122.4,2
CHEMBL4172756,COc1ccc2c(c1)[nH]c1c(N3CCCC3c3ccccc3)nccc12,123.0,1
CHEMBL5543024,C1=C(c2cnc3ccc(-c4ccncc4)nn23)CCOC1,123.0,1
CHEMBL3900000,COC(=N)c1nc2ccc3ncnc(Nc4ccc(OC)c([N+](=O)[O-])c4)c3c2s1,123.5,1
CHEMBL5423395,O=C1NC(N[C@@H]2CCC[C@@H]2O)=N/C1=C\c1ccc2ncsc2c1,124.0,1
CHEMBL1374544,CN(Cc1ccco1)c1ncnc2ccc(-c3ccc4c(c3)OCO4)cc12,124.0,2
CHEMBL3921510,CC(C)OC(=O)c1nc2ccc3ncnc(Nc4ccc5c(c4)OCO5)c3c2s1,124.7,1
CHEMBL5404644,O=C1NC(NC(CF)c2ccccc2)=N/C1=C\c1ccc2ncsc2c1,125.0,1
CHEMBL5427325,O=C1NC(Nc2cccnc2)=N/C1=C\c1ccc2ncsc2c1,126.0,1
CHEMBL5401073,O=C1NC(NCCc2ccccn2)=N/C1=C\c1ccc2ncsc2c1,126.0,1
CHEMBL5075137,COc1ccc(-c2ccnc(N)c2)cc1,126.0,1
CHEMBL566900,c1nc(NCc2ccoc2)c2cc(-c3ccc4c(c3)OCO4)ccc2n1,126.0,1
CHEMBL4105239,O=C(Nc1cccc(O)c1)c1cnc2[nH]cc(-c3ccc(O)cc3)c2c1,127.0,1
CHEMBL3921110,COC(=N)c1nc2ccc3ncnc(Nc4ccc(OC)c(OC)c4)c3c2s1,128.8,1
CHEMBL4290268,Cn1cc(-c2csc(-c3cccnc3)c2)cn1,130.0,1
CHEMBL4552628,Cc1sc(C(=O)N[C@@H]2[C@H](N)CCCC2(F)F)cc1-c1cnn2cc(Cl)cnc12,130.0,1
CHEMBL5201763,O=C1NC(N2CCCCC2)=N/C1=C\c1ccc2c(c1)OCO2,130.0,1
CHEMBL3589775,O=C(O)c1nc2cccnc2c2[nH]c3c(Br)cccc3c12,130.0,1
CHEMBL5172170,Cc1ccc(NC2=N/C(=C\c3ccc4c(c3)OCO4)C(=O)N2)cc1C,130.0,1
CHEMBL5088553,Cc1nc2ccc(-c3cc(N)nc(N)c3)nc2n1C,132.5,2
CHEMBL4283894,O=C(Nc1cccc(O)c1)Nc1nc2ccc(O)cc2s1,134.0,2
CHEMBL4877372,N[C@H]1CCN(c2nccc(-c3cnn4ncccc34)n2)C1,134.9,1
CHEMBL4852953,CN(C)c1nccc(-c2c[nH]c3ncccc23)n1,134.9,1
CHEMBL5401217,COC[C@@H](NC1=N/C(=C\c2ccc3ncsc3c2)C(=O)N1)c1ccccc1,135.0,1
CHEMBL1734733,c1nc(NCC2CCCOC2)c2cc(-c3ccc4c(c3)OCO4)ccc2n1,135.0,1
CHEMBL5088873,Nc1cc(-c2ccc3sccc3c2)cc(N)n1,137.0,1
CHEMBL4643515,COc1ccccc1Nc1nccc(-c2cnn3ncccc23)n1,137.0,1
CHEMBL4072138,N#Cc1cccc2c(-c3ccnc(N)n3)c[nH]c12,138.0,1
CHEMBL4874923,COc1ccnn2ncc(-c3ccnc(N(C)C)n3)c12,138.04,1
CHEMBL5425492,O=C1NC(NCC2CCOCC2)=N/C1=C\c1ccc2ncsc2c1,139.0,1
CHEMBL4789951,Cn1cc(-c2ccc3occ(-c4cccc(-c5cn[nH]c5)c4)c3n2)cn1,139.0,1
CHEMBL4564623,COc1ccc2c3ccnc(C)c3n(CCC(N)=O)c2c1,139.0,1
CHEMBL1803082,CCNC1=N/C(=C\c2ccc3c(c2)OCO3)C(=O)N1,140.0,1
CHEMBL5191614,O=C(Nc1ccc(NS(=O)(=O)c2ccccc2)cc1)Nc1nc2ccc(O)cc2s1,140.0,1
CHEMBL4101902,Cn1nc(-c2cnc(N)c(-c3ccc(C(N)=O)c(F)c3)n2)nc1C1(c2ccccc2)CC1,140.0,1
CHEMBL4091320,COCCn1cc(-c2ccncc2)c2ccncc21,141.0,2
CHEMBL5401658,Cn1ncc2cc(/C=C3\N=C(NC4CCCCC4)NC3=O)ccc21,141.0,1
CHEMBL3957886,COc1ccc(Nc2ncnc3ccc4nc(C(N)=O)sc4c23)cc1,142.5,1
CHEMBL5089294,COCCCn1c(C)nc2ccc(-c3cc(N)nc(N)c3)nc21,143.0,2
CHEMBL5398474,O=C1NC(NCCCn2ccnc2)=N/C1=C\c1ccc2ncsc2c1,144.0,1
CHEMBL5183972,O=C(O[C@@H]1Cc2c(O)cc(O)cc2O[C@H]1c1cc(O)c(O)c(O)c1)c1cc(O)c(O)c(F)c1,145.0,1
CHEMBL5957712,CC(=O)c1ccc2sc(-c3cncc(/C=C\C(N)=O)c3)nc2c1,145.0,1
CHEMBL3931248,CN(C)C(=N)c1nc2ccc3ncnc(Nc4ccc(Br)cc4F)c3c2s1,146.6,1
CHEMBL4797457,Cn1cc(-c2cccc(-c3coc4ccc(-c5cnn(C)c5)nc34)c2)cn1,147.0,1
CHEMBL4870121,C[C@@H]1CCN(c2nccc(-c3cnn4ncccc34)n2)C1,147.91,1
CHEMBL5558401,c1cc(-c2ccc3nccn3c2)ccn1,149.0,1
CHEMBL126079,O=C(O[C@H]1Cc2c(O)cc(O)cc2O[C@@H]1c1cc(O)c(O)c(O)c1)c1cc(O)c(O)c(O)c1,150.0,1
CHEMBL5424074,COC(CNC1=N/C(=C\c2ccc3ncsc3c2)C(=O)N1)c1ccccc1,150.0,1
CHEMBL5774139,COc1ccc2sc(-c3cnc(C)cc3NC(C)=O)nc2c1,150.0,1
CHEMBL5191942,O=C1NC(Nc2ccccc2)=N/C1=C\c1ccc(O)c(O)c1,150.0,1
CHEMBL2012558,COc1ccc2c3ccnc(C)c3n(CCCN)c2c1,152.0,1
CHEMBL5961955,CC(=O)c1ccc2sc(-c3cncc(C#CC(N)=O)c3)nc2c1,153.0,1
CHEMBL5208564,O=C(O[C@@H]1Cc2c(O)cc(O)cc2O[C@H]1c1cc(O)c(O)cc1F)c1cc(O)c(O)c(O)c1,153.0,1
CHEMBL4861396,CN(C)c1ncc(F)c(-c2cnn3ncccc23)n1,153.77,2
CHEMBL5434048,O=C1NC(NC23CC4CC(CC(C4)C2)C3)=N/C1=C\c1ccc2nnsc2c1,154.0,1
CHEMBL5184928,O=C(Nc1ccc(NC(=O)c2ccccc2)cc1)Nc1nc2ccc(O)cc2s1,154.0,2
CHEMBL5416947,COC(=O)[C@@H](Cc1ccccc1)NC1=N/C(=C\c2ccc3ncsc3c2)C(=O)N1,154.0,1
CHEMBL1407164,c1c[nH]c(CNc2ncnc3ccc(-c4ccc5c(c4)OCO5)cc23)n1,155.0,1
CHEMBL5425381,CO[C@H]1CCC[C@H]1NC1=N/C(=C\c2ccc3ncsc3c2)C(=O)N1,155.0,1
CHEMBL5406527,CC(C)[C@@H]1CC[C@@H](C)C[C@H]1NC1=N/C(=C\c2ccc3ncsc3c2)C(=O)N1,155.0,1
CHEMBL3094465,COc1ncc2cc(C(=O)Nc3cc(C(=O)NC(CCN(C)C)c4cccc(Cl)c4)ccc3Cl)c(=O)[nH]c2n1,156.0,1
CHEMBL5561973,FC(F)c1c(Br)c(Br)cc2c1nc(N1CCNCC1)n2C1CCOCC1,158.0,1
CHEMBL5430718,O=C1NC(NC2CCOCC2)=N/C1=C\c1ccc2ncsc2c1,158.0,1
CHEMBL2023701,COc1ccc(-c2cc(N)nc(N)n2)cc1,158.0,1
CHEMBL4872408,CN(C)c1nccc(-c2cnc3ncccn23)n1,158.49,1
CHEMBL5181305,O=C(Nc1ccc(NC(=O)C2CC2)cc1)Nc1nc2ccc(O)cc2s1,159.0,2
CHEMBL4164359,COc1ccc2c(c1)[nH]c1c(N3CCC3)nccc12,159.0,1
CHEMBL5200677,CNC1=N/C(=C\c2ccc3c(c2)OCO3)C(=O)N1,160.0,1
CHEMBL5837281,CC(=O)c1ccc2sc(-c3cncc(CCC(N)=O)c3)nc2c1,162.0,1
CHEMBL4285513,O=C(Nc1ccccc1)Nc1nc2ccc(O)cc2s1,163.0,2
CHEMBL5288391,CN1CCN(C(=O)C(C)(C)c2ccc(C(=O)Cc3cn4cc(-c5ccncc5)ccc4n3)cc2)CC1,163.1,2
CHEMBL5433644,CC(=O)N1CCc2ccc(NC3=N/C(=C\c4ccc5ncsc5c4)C(=O)N3)cc21,164.0,1
CHEMBL1555138,Fc1c(-c2ccc3ncnc(NCc4cccs4)c3c2)ccc2c1OCO2,164.0,1
CHEMBL3774704,O=C1OCC/C1=C\c1ccc2ncsc2c1,165.0,2
CHEMBL6163498,COc1cc(-c2c[nH]c3ncc(-c4cnn(C5CCNCC5)c4)cc23)c(F)cc1C,165.0,1
CHEMBL5405521,CN1CCC(NC2=N/C(=C\c3ccc4ncsc4c3)C(=O)N2)C1=O,167.0,1
CHEMBL4476003,COc1ccc2c3ccnc(C)c3n(CCCCNC(C)=O)c2c1,168.0,1
CHEMBL5070119,CNCC(=O)Nc1cc(-c2ccc3occc3c2)cc(N)n1,168.0,1
CHEMBL4483653,COc1ccc2c3ccnc(C)c3n(CCCCCC(N)=O)c2c1,168.0,1
CHEMBL2392367,Clc1ccc(CNc2nccc(-c3ccc4cn[nH]c4c3)n2)cc1Cl,169.0,1
CHEMBL4084605,Oc1ccc(-c2cnc3[nH]cc(-c4ccc5[nH]ccc5c4)c3c2)cc1,169.0,1
CHEMBL3775111,CC1C/C(=C\c2ccc3c(c2)CCO3)C(=O)O1,170.0,1
CHEMBL5411344,CC1(C)CNC(=O)C1NC1=N/C(=C\c2ccc3ncsc3c2)C(=O)N1,170.0,1
CHEMBL3589774,O=C(O)c1nc2ccsc2c2[nH]c3c(Cl)cccc3c12,170.0,1
CHEMBL5205157,COc1ccc(/C=C2\N=C(Nc3ccccc3)NC2=O)cc1,170.0,1
CHEMBL5911108,COc1ccc2sc(-c3cnccc3OC(N)=O)nc2c1,171.0,1
CHEMBL5173930,O=C(O[C@@H]1Cc2c(O)cc(O)cc2O[C@H]1c1cc(O)c(O)c(O)c1)c1cc(O)c(O)cc1O,172.0,1
CHEMBL5854602,COc1ccc2sc(-c3ccc(C(=O)N(C)C)nc3)nc2c1,175.0,1
CHEMBL5169662,O=C(Nc1ccc(NC(=O)C2CCNCC2)cc1)Nc1nc2ccc(O)cc2s1,177.0,2
CHEMBL566687,c1csc(CNc2ncnc3ccc(-c4ccc5c(c4)OCCO5)cc23)c1,180.0,1
CHEMBL3094447,COc1ncc2cc(C(=O)Nc3cc(C(=O)NCc4ccccc4)ccc3Cl)c(=O)[nH]c2n1,180.0,1
CHEMBL3589671,O=C(O)c1nc2ccc(I)cc2c2[nH]c3c(Cl)cccc3c12,180.0,1
CHEMBL5532446,FC(F)(F)Oc1cccc(-c2cnc3ccc(C4=CCOCC4)nn23)c1,180.0,1
CHEMBL3823505,Nc1ncc2cc3cnccc3cc2n1,180.0,1
CHEMBL3884570,COc1ccc2c(/C(C#N)=C/c3cccnc3)c[nH]c2n1,180.0,1
CHEMBL5275785,COc1ccc2c3ccnc(Cl)c3n(CC=N)c2c1,181.0,1
CHEMBL4581461,CNc1nccc(-c2cnn3ncccc23)n1,181.97,1
CHEMBL4849576,CN(C)c1ncnc(-c2cnn3ncccc23)n1,181.97,1
CHEMBL4286803,O=C(Nc1cncc(-c2cc(-c3cccnc3)cs2)c1)c1ccc(F)cc1,183.2,1
CHEMBL5422096,Cc1cnc(CNC2=N/C(=C\c3ccc4ncsc4c3)C(=O)N2)cn1,185.0,1
CHEMBL5424295,O=C1NC(Nc2nncs2)=N/C1=C\c1ccc2ncsc2c1,185.0,1
CHEMBL5397157,O=C1NC(N[C@@H](CO)CC2CC2)=N/C1=C\c1ccc2ncsc2c1,185.0,1
CHEMBL360866,CN(c1ccccc1)c1nccc(-c2cnn3ncccc23)n1,186.105,2
CHEMBL4869255,F[C@H]1CCN(c2nccc(-c3cnn4ncccc34)n2)C1,186.21,1
CHEMBL5083681,Nc1cc(-c2ccc3occc3c2)cc(NCCc2ccsc2)n1,189.0,1
CHEMBL4092673,CC[C@@H](CO)N(C(C)=O)c1ccc2ncc(-c3cccc(NC(C)=O)c3)n2n1,190.0,1
CHEMBL4867264,CC1(C)CCCN1c1nccc(-c2cnn3ncccc23)n1,190.55,1
CHEMBL5424844,COc1ccc2sc(C(=O)NNc3cc(Cl)cc(Cl)c3)cc2c1,191.4,1
CHEMBL5425635,O=C1NC(N[C@@H]2CCOC2)=N/C1=C\c1ccc2ncsc2c1,192.0,1
CHEMBL5288595,COc1ccc2sc(-c3cncc(NC(C)=O)c3)nc2c1,192.85,2
CHEMBL2386757,NC(=O)c1nc2ccc3ncnc(Nc4ccc(Br)cc4F)c3c2s1,194.4,2
CHEMBL5415554,COC[C@@H](CC(C)C)NC1=N/C(=C\c2ccc3[nH]ncc3c2)C(=O)N1C,196.1,1
CHEMBL5429357,O=C1NC(NC2CCNC2=O)=N/C1=C\c1ccc2ncsc2c1,198.0,1
CHEMBL5429595,O=C1NC(NC2CCC2)=N/C1=C\c1ccc2ncsc2c1,199.0,1
CHEMBL3335363,CC(=O)c1cc2cc(O)ccc2s1,200.0,1
CHEMBL5186380,O=c1ccccc2[nH]c3c(Cl)cccc3c12,200.0,1
CHEMBL3335356,Cc1ccc(C(=O)c2cc3cc(O)ccc3s2)cc1O,200.0,2
CHEMBL5079894,CN1Cc2nn(C)cc2-c2cnc3[nH]cc(c3c2)-c2cnn(c2)CCCCC1=O,200.0,1
CHEMBL3885316,COc1ccc2c(n1)[nH]c1c3ccncc3cc(C#N)c21,200.0,1
CHEMBL5424488,COc1ccc2sc(C(=O)NNc3cc(F)cc(F)c3)cc2c1,201.4,1
CHEMBL2392360,COc1ccc(-c2ccnc(NCc3ccc(Cl)c(Cl)c3)n2)cc1,203.0,1
CHEMBL4065701,Oc1ccc(-c2c[nH]c3ncc(-c4ccc5[nH]ccc5c4)cc23)cc1,204.0,1
CHEMBL4855864,CC1CCN(c2nccc(-c3cnn4ncccc34)n2)C1,204.17,1
CHEMBL1435542,Cc1nc(CNc2ncnc3ccc(-c4ccc5c(c4)OCO5)cc23)cs1,206.0,1
CHEMBL5798510,COc1ccc2sc(-c3cnccc3NC3CCC(OC)CC3)nc2c1,207.0,1
CHEMBL5646912,CC(C)n1cnc2c(NCc3ccccn3)nc(N3CCC(C4CCN(CCO)CC4)CC3)nc21,208.0,1
CHEMBL6024732,CC(=O)c1ccc2sc(-c3cncc(CO)c3)nc2c1,208.0,1
CHEMBL5594692,COc1ccc2c3ccnc(C)c3n(CCN(C)C)c2c1.O=C(O)/C=C/C(=O)O,209.0,1
CHEMBL1894742,c1cncc(CNc2nccc(-c3ccc4cn[nH]c4c3)n2)c1,210.0,1
CHEMBL5406490,COC[C@@H](CC(C)C)NC1=N/C(=C\c2ccc3nnsc3c2)C(=O)N1,210.2,1
CHEMBL5198374,O=C(O[C@@H]1Cc2c(O)cccc2O[C@H]1c1cc(O)c(O)c(O)c1)c1cc(O)c(O)c(O)c1,212.0,1
CHEMBL4075959,O=[N+]([O-])c1ccc(-c2cnc3[nH]cc(-c4ccc(O)cc4)c3c2)cc1,212.0,1
CHEMBL5439185,Cc1ccc(CNC2=N/C(=C\c3ccc4ncsc4c3)C(=O)N2)o1,212.0,1
CHEMBL4863662,Oc1cccc(-c2cnc3[nH]nc(-c4cccc(O)c4)c3c2)c1,213.0,1
CHEMBL5178079,CC1N=CC(c2ccc3occ(-c4cccc(-c5ccncc5)c4)c3n2)=N1,213.0,1
CHEMBL4754195,Cn1cc(-c2ccc3occ(-c4cccc(-c5ccncc5)c4)c3n2)cn1,213.0,4
CHEMBL4438785,COc1ccc2c3ccnc(C)c3n(CCCCN(C)C(C)=O)c2c1,215.0,1
CHEMBL4164814,NS(=O)(=O)c1ccc(-c2cnc3[nH]cc(-c4cccnc4)c3c2)cc1,216.0,1
CHEMBL5407276,O=C1NC(Nc2cncnc2)=N/C1=C\c1ccc2ncsc2c1,217.0,1
CHEMBL5078346,COc1cc(-c2ccnc(N)c2)ccc1Cl,218.0,1
CHEMBL4870189,COCCCN(C)c1nccc(-c2cnn3ncccc23)n1,218.78,1
CHEMBL129451,O=C(O[C@@H]1Cc2c(O)cc(O)cc2O[C@H]1c1ccc(O)c(O)c1)c1cc(O)c(O)c(O)c1,220.0,1
CHEMBL4086402,CC[C@@H](CO)Nc1ccc2ncc(-c3cccc(C(F)(F)F)c3)n2n1,220.0,1
CHEMBL3338888,COc1ccc2[nH]c3c(=O)[nH]nc(-c4ccco4)c3c2c1,220.0,1
CHEMBL5396752,O=C1NC(N[C@H]2COCC[C@@H]2O)=N/C1=C\c1ccc2ncsc2c1,220.0,1
CHEMBL4176129,COc1ccc2c(c1)[nH]c1c(N3CCCC3Cc3ccccc3)nccc12,221.0,1
CHEMBL4468747,CCc1cc2c(cc1-c1cccc(S(=O)(=O)F)c1)C(C)(C)c1[nH]c3cc(C#N)ccc3c1C2=O,225.0,1
CHEMBL5433334,CCN1C(=O)/C(=C/c2ccc3ncsc3c2)N=C1N[C@@H](COC)CC(C)C,228.8,1
CHEMBL4858763,CN(CCC(F)(F)F)c1nccc(-c2cnn3ncccc23)n1,229.09,1
CHEMBL1892019,Clc1ccc(CNc2nccc(-c3ccc4[nH]ncc4c3)n2)cc1Cl,229.5,2
CHEMBL3219058,COc1ccc2[nH]c(-c3ccccc3O)c(-c3ccncc3)c2n1,230.0,1
CHEMBL5275342,Oc1ccc2c(c1)oc1c3ccccc3c(O)cc21,230.0,1
CHEMBL6120511,COc1cc(-c2c[nH]c3ncc(-c4cnn(C5CCN(C)CC5)c4)cc23)c(F)cc1C,231.0,1
CHEMBL5437222,O=C1NC(NC2CCCCC2)=N/C1=C\c1ccc2[nH]cnc2c1,234.0,1
CHEMBL5397088,COC[C@@H](CC(C)C)NC1=N/C(=C\c2ccc3ncn(C)c3c2)C(=O)N1C,235.9,1
CHEMBL5786944,COc1ccc2sc(-c3cncc(CN(C)C(N)=O)c3)nc2c1,236.0,1
CHEMBL5190113,O=C(O[C@@H]1Cc2c(O)cc(O)cc2O[C@H]1c1cc(O)c(O)c(O)c1)c1ccc(O)c(O)c1,236.0,1
CHEMBL5419006,O=C1NC(NC2CCCCC2)=N/C1=C\c1ccc2c(c1)CCO2,237.0,1
CHEMBL5398602,O=C1NC(N[C@H]2CCCC[C@@H]2O)=N/C1=C\c1ccc2ncsc2c1,237.0,1
CHEMBL5187895,CCSC1=N/C(=C\c2ccc3c(c2)OCO3)C(=O)N1C,240.0,1
CHEMBL1232500,CCN1/C(=C/C(C)=O)Sc2ccc(O)cc21,240.0,8
CHEMBL5090400,COc1nc(C)nc2[nH]cc(-c3ccnc(F)c3)c12,240.0,1
CHEMBL2425487,COc1cc(C)c(-c2c3c4cc(OC)c(O)cc4oc(=O)c3n3ccc4cc(O)c(OC)cc4c23)cc1O,241.0,2
CHEMBL5395707,O=C1NC(NCc2cccnc2)=N/C1=C\c1ccc2ncsc2c1,241.0,1
CHEMBL4090889,COc1cccc2c(-c3ccnc(N)n3)c[nH]c12,242.0,1
CHEMBL5189503,Nc1ncc(-c2ccccc2F)nc1C(=O)Nc1cnccc1N1CCC(C(=O)O)CC1,243.0,1
CHEMBL4851209,CN(C)C1CCN(c2nccc(-c3cnn4ncccc34)n2)C1,245.47,1
CHEMBL5782364,COc1ccc2sc(-c3cnccc3NC(C)=O)nc2c1,247.0,1
CHEMBL5095897,COc1ccc2nc3ccc(OC)cc3c(SCCCN)c2c1,248.45,2
CHEMBL5076663,CCn1c(-c2cccc(F)c2F)c(C#N)c2c(N)nc(C)nc21,250.0,1
CHEMBL3775949,COc1ccc(/C=C2/SC(=S)NC2=O)cc1,250.0,1
CHEMBL5092362,Nc1cc(-c2ccc3occc3c2)cc(N)n1,257.0,2
CHEMBL5409693,O=C1NC(Nc2cccc(OC(F)F)c2)=N/C1=C\c1ccc2ncsc2c1,258.0,1
CHEMBL5434778,Cc1ccc(NC2=N/C(=C\c3ccc4ncsc4c3)C(=O)N2)cc1F,258.0,1
CHEMBL5555353,Cc1cnccc1-c1ccc2ncc(-c3cccc(OC(F)(F)F)c3)n2n1,259.0,1
CHEMBL376505,CN(C)c1nc2c(Br)c(Br)c(Br)c(Br)c2[nH]1,260.0,2
CHEMBL4531334,CN1CCN(C(=O)C(C)(C)c2ccc(C(=O)Nc3cn4cc(-c5ccncc5)ccc4n3)cc2)CC1,260.0,5
CHEMBL5848112,CC(=O)c1ccc2sc(-c3cncc(NS(C)(=O)=O)c3)nc2c1,260.0,1
CHEMBL1318637,Cc1ccsc1CN(C)c1ncnc2ccc(-c3ccc4c(c3)OCO4)cc12,260.0,1
CHEMBL2392363,Clc1ccc(CNc2nccc(-c3ccc4c(c3)OCO4)n2)cc1,260.0,1
CHEMBL5422413,O=C1NC(NC2CCCCC2)=N/C1=C\c1ccc2[nH]ncc2c1,263.0,1
CHEMBL4175006,COc1ccc2c(c1)[nH]c1c(N3CCCC3)nccc12,264.0,1
CHEMBL184574,O=c1c2c(O)cc(O)cc2oc2c(O)ccc(O)c12,266.1,1
CHEMBL5399810,CO[C@H]1Cc2ccccc2[C@H]1NC1=N/C(=C\c2ccc3ncsc3c2)C(=O)N1,267.0,1
CHEMBL5421200,COC(CNC1=N/C(=C\c2ccc3ncsc3c2)C(=O)N1)Cc1ccccc1,269.0,1
CHEMBL4854898,c1cnn2ncc(-c3ccnc(N4CCC5(CCOC5)C4)n3)c2c1,269.15,1
CHEMBL2314448,CC[C@@H](CO)Nc1nc(Nc2cncnc2)c2ncn(C(C)C)c2n1,270.0,1
CHEMBL6060717,COc1ccc2sc(-c3cncc(CNC(N)=O)c3)nc2c1,273.0,1
CHEMBL4066607,c1ccc2c(-c3c[nH]c4cnccc34)ccnc2c1,277.0,1
CHEMBL2314449,CC[C@H](CO)Nc1nc(Nc2cncnc2)c2ncn(C(C)C)c2n1,280.0,1
CHEMBL4102553,Oc1ccc(-c2cnc3[nH]cc(-c4ccc(-c5nnn[nH]5)cc4)c3c2)cc1,280.0,1
CHEMBL5181028,COc1cc(/C=C2\N=C(Nc3ccc(N4CCCCC4)cc3)NC2=O)ccc1O,280.0,1
CHEMBL2314436,CC(C)[C@H](CO)Nc1nc(Nc2ccnnc2)c2ncn(C(C)C)c2n1,280.0,1
CHEMBL5923071,CS(=O)(=O)Nc1cncc(-c2nc3cc(O)ccc3s2)c1,280.0,1
CHEMBL5990127,COc1ccc2sc(-c3cnccc3NC(=O)CNC(C)=O)nc2c1,281.0,1
CHEMBL1885748,Clc1cc(Cl)cc(CNc2ncncc2-c2ccc3c(c2)OCO3)c1,282.0,2
CHEMBL5426807,CN1CCN(c2cnc(NC3=N/C(=C\c4ccc5ncsc5c4)C(=O)N3)cn2)CC1,284.0,1
CHEMBL4094549,Nc1cc(-c2c[nH]c3c([N+](=O)[O-])cccc23)ccn1,285.0,1
CHEMBL5410464,Fc1cc(F)cc(CNc2cnc3[nH]cc(-c4cccnc4)c3c2)c1,288.0,1
CHEMBL5180222,Cc1c([C@@H]2Oc3cc(O)cc(O)c3C[C@H]2OC(=O)c2cc(O)c(O)c(O)c2)cc(O)c(O)c1O,296.0,1
CHEMBL1094636,NC(=O)c1cccc2cn(-c3ccc([C@@H]4CCCNC4)cc3)nc12,297.0,1
CHEMBL3960099,COC(=N)c1nc2ccc3ncnc(Nc4cc(OC)cc(OC)c4)c3c2s1,298.9,1
CHEMBL4867616,COc1ncc(-c2n[nH]c3ncc(-c4ccc(OC)c(OC)c4)cc23)cn1,299.0,1
CHEMBL2314435,CC[C@@H](CO)Nc1nc(Nc2ccnnc2)c2ncn(C(C)C)c2n1,300.0,1
CHEMBL23327,CC(C)[C@H](CO)Nc1nc(Nc2cccc(Cl)c2)c2ncn(C(C)C)c2n1,300.0,2
CHEMBL2314447,CC(C)[C@H](CO)Nc1nc(Nc2cncnc2)c2ncn(C(C)C)c2n1,300.0,1
CHEMBL4280981,c1cncc(-c2csc(-c3cccnc3)c2)c1,300.0,2
CHEMBL140,COc1cc(/C=C/C(=O)CC(=O)/C=C/c2ccc(O)c(OC)c2)ccc1O,300.0,1
CHEMBL2314441,CC(C)[C@H](CO)Nc1cncc(Nc2nc3cncnc3n2C(C)C)n1,300.0,1
CHEMBL4648047,O=C(Nc1cc(-c2cn(-c3ccccc3)c3cnccc23)ccn1)C1CC1,301.0,1
CHEMBL3094459,COc1ncc2cc(C(=O)Nc3cc(C(=O)NC(CCN)C4CCCCC4)ccc3Cl)c(=O)[nH]c2n1,301.0,1
CHEMBL3094450,COc1ncc2cc(C(=O)Nc3cc(C(=O)N(C)Cc4cccc(Cl)c4)ccc3Cl)c(=O)[nH]c2n1,305.0,1
CHEMBL6048023,CCC(=O)Nc1cncc(-c2nc3cc(OC)ccc3s2)c1,306.0,1
CHEMBL4874497,COc1ccc(-c2n[nH]c3ncc(Nc4cccc(OCc5ccccc5)c4)cc23)cc1,309.0,1
CHEMBL4874679,c1cnn2ncc(-c3ccnc(N4CC5CC5C4)n3)c2c1,309.03,1
CHEMBL3883414,N#Cc1cc2cnccc2c2[nH]c3ccc(F)cc3c12,310.0,1
CHEMBL5398195,CN1CCN(c2cnc(NC3=N/C(=C\c4ccc5ncsc5c4)C(=O)N3)nc2)CC1,310.0,1
CHEMBL2392368,FC(F)(F)c1cc(Br)cc(Nc2nccc(-c3ccc4c(c3)OCO4)n2)c1,313.5,2
CHEMBL4644898,CC1(Cn2cc(-c3ccncc3)c3ccncc32)COC1,315.0,1
CHEMBL4863003,CCCN(CCOC)c1nccc(-c2cnn3ncccc23)n1,316.23,1
CHEMBL5079919,c1cc(-c2ccc3occc3c2)ccn1,320.0,1
CHEMBL3094440,COC(=O)c1ccc(C)c(NC(=O)c2cc3cc(OC)c(OC)cc3[nH]c2=O)c1,320.0,1
CHEMBL3589664,COc1ccc2c(c1)nc(C(=O)O)c1c3cccc(F)c3[nH]c21,320.0,1
CHEMBL4791451,Cn1cc(-c2ccc3occ(-c4cccc(C5CCNCC5)c4)c3n2)cn1,324.0,1
CHEMBL5086482,COc1c2c(nn1C)CN(C(C)C)C(=O)CCCn1cc(c(C(F)(F)F)n1)-c1c(C)[nH]c3ncc-2cc13,327.0,1
CHEMBL2152265,Nc1cccc(-c2cnc3[nH]cc(-c4cccnc4)c3c2)c1,329.0,2
CHEMBL4741586,COc1ccc2c(c1)CC(C)(C)c1c(N)ncnc1-2,330.0,1
CHEMBL5880693,COc1ccc2sc(-c3cnccc3NC3CCC(CO)CC3)nc2c1,330.0,1
CHEMBL297453,O=C(O[C@@H]1Cc2c(O)cc(O)cc2O[C@@H]1c1cc(O)c(O)c(O)c1)c1cc(O)c(O)c(O)c1,330.0,9
CHEMBL4869135,CN(C)c1ncc(Cl)c(-c2cnn3ncccc23)n1,331.13,1
CHEMBL4225966,Cc1c(Br)c(Br)c2c3c1nc(N1CCNCC1)n3CCC2,332.2,1
CHEMBL5934489,COc1ccc2sc(-c3cncc(NC(=O)CN)c3)nc2c1,337.0,1
CHEMBL5194491,CCCSC1=N/C(=C\c2ccc3c(c2)OCO3)C(=O)N1C,340.0,1
CHEMBL4062820,CC[C@@H](CO)Nc1ccc2ncc(-c3cc4ccccc4[nH]3)n2n1,340.0,1
CHEMBL5193677,O=C1NC(NC2CCNCC2)=N/C1=C\c1ccc2c(c1)OCO2,340.0,1
CHEMBL4848254,CN(C)c1nccc(-c2cnn3ncccc23)n1,341.85,4
CHEMBL3094449,COc1ncc2cc(C(=O)Nc3cc(C(=O)NCCc4cccc(Cl)c4)ccc3Cl)c(=O)[nH]c2n1,342.0,1
CHEMBL4080994,O=C(Nc1ccc(O)cc1)c1cnc2[nH]cc(-c3ccc(O)cc3)c2c1,344.0,1
CHEMBL5409992,O=C1NC(Nc2ncccn2)=N/C1=C\c1ccc2ncsc2c1,350.0,1
CHEMBL6041314,COC(=O)c1ccc(-c2nc3cc(OC)ccc3s2)cn1,350.0,1
CHEMBL4090770,CC[C@@H](CO)Nc1ccc2ncc(-c3ccc4[nH]ccc4c3)n2n1,350.0,1
CHEMBL5202202,O=C1NC(Nc2ccc(N3CCNCC3)cc2)=N/C1=C\c1ccc2c(c1)OCO2,350.0,1
CHEMBL5877150,COc1ccc(Oc2ccncc2-c2nc3cc(OC)ccc3s2)c(Cl)c1,351.0,1
CHEMBL4095156,COc1cc(-c2c[nH]c3cnccc23)ccn1,351.0,1
CHEMBL4640598,c1cc(-c2cn(C3CCOCC3)c3cnccc23)ccn1,352.0,1
CHEMBL5413447,COc1nc(C)ccc1NC1=N/C(=C\c2ccc3ncsc3c2)C(=O)N1,355.0,1
CHEMBL5191395,COc1ccc2sc(C(=O)N(C)Cc3cc(F)cc(F)c3)cc2c1,355.0,1
CHEMBL4850955,COc1ccc(-c2n[nH]c3ncc(Nc4ccccc4)cc23)cc1,365.0,1
CHEMBL3883820,N#Cc1cc2ccncc2c2[nH]c3ccccc3c12,370.0,1
CHEMBL3883639,COc1ccc2[nH]c3c4ccncc4cc(C#N)c3c2c1,370.0,1
CHEMBL4866517,CC1(F)CN(c2nccc(-c3cnn4ncccc34)n2)C1,371.54,1
CHEMBL5430988,O=C1NC(NC2Cc3ccccc3C2)=N/C1=C\c1ccc2ncsc2c1,374.0,1
CHEMBL5817243,CC(=O)c1ccc2sc(-c3cncc(CNC(C)C)c3)nc2c1,375.0,1
CHEMBL5086979,Cc1nc(N)c2c(C#N)c(-c3cccnc3)n(C)c2n1,380.0,1
CHEMBL5182235,CN(C1=N/C(=C\c2ccc3c(c2)OCO3)C(=O)N1)c1ccccc1,380.0,1
CHEMBL5417975,O=C1NC(NCc2nc3ccccc3s2)=N/C1=C\c1ccc2ncsc2c1,384.0,1
CHEMBL5398161,O=C1NC(N[C@@H]2c3ccccc3C[C@H]2O)=N/C1=C\c1ccc2ncsc2c1,386.0,1
CHEMBL5431414,O=C1NC(NCc2ccccc2OC(F)(F)F)=N/C1=C\c1ccc2ncsc2c1,387.0,1
CHEMBL5402600,Nc1cccc(-c2c[nH]c3ncc(NCc4cc(F)cc(F)c4)cc23)c1,389.0,1
CHEMBL4074132,CC(C)[C@@H](CO)Nc1ccc2ncc(-c3cccnc3)n2n1,390.0,1
CHEMBL1899640,Clc1ccc(Nc2nccc(-c3ccc4c(c3)OCO4)n2)cc1,396.5,2
CHEMBL5414086,COC[C@@H](CC(C)C)NC1=N/C(=C\c2ccc3c(cnn3C)c2)C(=O)N1C,399.3,1
CHEMBL2314442,CC[C@H](CO)Nc1cncc(Nc2nc3cncnc3n2C(C)C)n1,400.0,1
CHEMBL2314470,CC(C)[C@@H](CO)Nc1nc(Nc2cccnc2)c2ncn(C(C)C)c2n1,400.0,1
CHEMBL1532203,COc1ccc2sc(NC(C)=O)nc2c1,400.0,1
CHEMBL109269,CCn1c2cc(OC)ccc2c2ccnc(C)c21,400.0,1
CHEMBL3335350,O=C(c1cccc(O)c1)c1cc2cc(O)ccc2s1,400.0,2
CHEMBL2314471,CC(C)[C@H](CO)Nc1nc(Nc2cccnc2)c2ncn(C(C)C)c2n1,400.0,1
CHEMBL4065388,Nc1nccc(-c2c[nH]c3cc(Cl)ccc23)n1,406.0,1
CHEMBL5188914,N#Cc1c[nH]c2c(I)cccc12,410.0,1
CHEMBL1077347,N#Cc1c(N)cc2[nH]nc(N)c2c1-c1ccccc1,410.0,1
CHEMBL5987620,COc1ccc2sc(-c3cncc(CNC(=O)OC(C)(C)C)c3)nc2c1,413.0,1
CHEMBL5565108,Cc1cn2nc(-c3ccncc3)ccc2n1,419.0,1
CHEMBL4075509,CCOC(=O)Nc1ccc2ncc(-c3cccc(Cl)c3)n2n1,420.0,1
CHEMBL5205632,O=C(O[C@@H]1Cc2ccccc2O[C@H]1c1cc(O)c(O)c(O)c1)c1cc(O)c(O)c(O)c1,422.0,1
CHEMBL5409178,CC(NC1=N/C(=C\c2ccc3ncsc3c2)C(=O)N1)C12CC3CC(CC(C3)C1)C2,426.0,1
CHEMBL4859570,CC1(C)CCN(c2nccc(-c3cnn4ncccc34)n2)C1,426.58,1
CHEMBL5410094,CC(=O)/C=C1\Sc2ccc(O)cc2N1Cc1cccc(C)c1,429.0,1
CHEMBL562716,COc1cc(C(=O)O[C@@H]2Cc3c(O)cc(O)cc3O[C@@H]2c2cc(O)c(O)c(O)c2)cc(O)c1O,429.0,1
CHEMBL2386756,CN(C)CCNC(=N)c1nc2ccc3ncnc(Nc4ccc5c(c4)OCO5)c3c2s1,431.2,2
CHEMBL5191458,O=C(O[C@@H]1Cc2c(O)cc(O)cc2O[C@H]1c1cc(O)c(O)c(O)c1)c1cc(O)c(O)cc1C(F)(F)F,432.0,1
CHEMBL5400270,O=C1NC(NC2CC2)=N/C1=C\c1ccc2ncsc2c1,432.0,1
CHEMBL2386758,COC(=N)c1nc2ccc3ncnc(Nc4cc(OC)c(OC)c(OC)c4)c3c2s1,436.1,2
CHEMBL590109,NCCn1cc(-c2cc(-c3cc4ccccc4s3)c3[nH]ncc3c2)c2nc(N)ncc21,440.0,1
CHEMBL5207630,O=C1NC(N2CCOCC2)=N/C1=C\c1ccc2c(c1)OCO2,440.0,1
CHEMBL3884015,N#Cc1cc2cnccc2c2[nH]c3ncccc3c12,440.0,1
CHEMBL4095479,COc1ccc2c(-c3ccnc(N)n3)c[nH]c2c1,443.0,1
CHEMBL5647193,OCCN1CCC(C2CCN(c3nc(NCc4ccc(Cl)c(F)c4)c4ncn(C5CCCC5)c4n3)CC2)CC1,445.0,1
CHEMBL1899256,Brc1ccc(CNc2nccc(-c3ccc4c(c3)OCO4)n2)cc1Br,449.5,2
CHEMBL6174125,Clc1cc(Cl)cc(-c2c[nH]c3ncc(-c4cnn(C5CCNCC5)c4)cc23)c1,450.0,1
CHEMBL2314437,CC[C@H](CO)Nc1nc(Nc2ccnnc2)c2ncn(C(C)C)c2n1,450.0,1
CHEMBL4876257,c1cnn2ncc(-c3ccnc(N4CCC4)n3)c2c1,457.09,1
CHEMBL6148739,CN1CCC(n2cc(-c3cnc4[nH]cc(-c5cc(Cl)cc(Cl)c5)c4c3)cn2)CC1,459.0,1
CHEMBL3102945,COc1ccc(-c2c[nH]c3ncc(-c4ccc(OC)c(OC)c4)cc23)cc1,460.0,1
CHEMBL1802843,CCCNC1=N/C(=C\c2ccc3c(c2)OCO3)C(=O)N1C,460.0,1
CHEMBL5423818,COc1ccc(-c2cnc3ccc(NCc4cc(F)cc(F)c4)cn23)cc1,465.0,1
CHEMBL4079347,COc1ccc2ncc(-c3ccc4[nH]ccc4c3)n2n1,470.0,1
CHEMBL6145692,COc1ccc(-c2c[nH]c3ncc(-c4ccc(O)c(O)c4)cc23)cc1OC,470.0,1
CHEMBL4097368,CC[C@@H](CO)Nc1ccc2ncc(-c3ccsc3)n2n1,470.0,1
CHEMBL3219060,COc1ccc2[nH]c(-c3ccc(O)cc3)c(-c3ccncc3)c2n1,470.0,1
CHEMBL5401689,Fc1cccc(CNc2cnc3[nH]cc(-c4cccnc4)c3c2)c1,475.0,1
CHEMBL2314450,CC(C)n1cnc2c(Nc3cncnc3)nc(Nc3cncnc3)nc21,480.0,1
CHEMBL2314433,CC(C)[C@@H](CO)Nc1nc(Nc2ccnnc2)c2ncn(C(C)C)c2n1,480.0,1
CHEMBL5956420,C#Cc1ccc2sc(-c3cncc(NC(C)=O)c3)nc2c1,487.0,1
CHEMBL5789872,COc1ccc2sc(-c3cncc(CNS(C)(=O)=O)c3)nc2c1,488.0,1
CHEMBL5415238,COC[C@@H](CC(C)C)NC1=N/C(=C\c2ccc3c(c2)CCO3)C(=O)N1C,488.0,1
CHEMBL5401201,O=C1NC(NC2CCCNC2=O)=N/C1=C\c1ccc2ncsc2c1,489.0,1
CHEMBL2314446,CC(C)[C@@H](CO)Nc1nc(Nc2cncnc2)c2ncn(C(C)C)c2n1,490.0,1
CHEMBL5884985,COc1ccc2sc(-c3cncc(NC(=O)CNS(C)(=O)=O)c3)nc2c1,491.0,1
CHEMBL1884711,c1cncc(CNc2ccnc(-c3ccc4[nH]ncc4c3)n2)c1,499.5,2
CHEMBL2314439,CC(C)n1cnc2c(Nc3cnccn3)nc(Cc3cnccn3)nc21,500.0,1
CHEMBL5972653,Fc1c[nH]c2ncc(-c3cncc(N4CCOCC4)n3)cc12,500.0,1
CHEMBL4078755,CCS(=O)(=O)c1ccc(OC)c(Nc2ncc(-c3cc4ccccc4s3)o2)c1,500.0,1
CHEMBL5550049,O=C(c1cc(O)c(O)c(O)c1)N1Cc2c(O)cc(O)cc2CC1c1cc(O)c(O)c(O)c1,500.0,1
CHEMBL3904523,NC(=O)c1nc2ccc3ncnc(Nc4ccc5c(c4)OCO5)c3c2s1,500.0,1
CHEMBL6031238,c1cc2cc(-c3cncc(N4CCOCC4)n3)cnc2[nH]1,500.0,1
CHEMBL4067104,Clc1c[nH]c2ncc(-c3cncc(N4CCOCC4)n3)cc12,500.0,1
CHEMBL5959151,Cc1n[nH]c2ncc(-c3cncc(N(C)CC4CCOCC4)n3)cc12,500.0,1
CHEMBL5900739,c1ccc2c(c1)CCN2c1cncc(-c2cnc3[nH]ccc3c2)n1,500.0,1
CHEMBL3934766,COC(=N)c1nc2ccc3ncnc(Nc4ccc(F)c(Cl)c4)c3c2s1,500.0,1
CHEMBL5934194,Cc1n[nH]c2ncc(-c3cncc(N4CCc5ccccc54)n3)cc12,500.0,1
CHEMBL5976493,Cc1n[nH]c2ncc(-c3cncc(NC4CCN(C)CC4)n3)cc12,500.0,2
CHEMBL6020887,CN(CC1CCOCC1)c1cncc(-c2cnc3[nH]cc(F)c3c2)n1,500.0,1
CHEMBL6047796,OCCN1CCN(c2cncc(-c3cnc4[nH]ccc4c3)n2)CC1,500.0,1
CHEMBL5852034,COc1ccccc1-c1n[nH]c2ncc(-c3ccoc3)cc12,500.0,1
CHEMBL5961437,COc1ccccc1-c1n[nH]c2ncc(-c3ccsc3)cc12,500.0,1
CHEMBL3975059,COc1ccc(Nc2ncnc3ccc4nc(C(=N)N(C)C)sc4c23)cc1,500.0,1
CHEMBL5757542,OC1CCN(c2cncc(-c3cnc4[nH]ccc4c3)n2)CC1,500.0,1
CHEMBL2295949,CC(C)C[C@@H](O)Nc1nc(Nc2ccc(-c3ncccn3)cc2)c2ncn(C(C)C)c2n1,500.0,1
CHEMBL3133762,Nc1nccc(-c2cn(C(=O)N3CCOCC3)c3ccc(Br)cc23)n1,500.0,1
CHEMBL5839401,Cc1n[nH]c2ncc(-c3cncc(N4CCOCC4)n3)cc12,500.0,1
CHEMBL6038531,CN1CCC(Nc2cncc(-c3cnc4[nH]cc(F)c4c3)n2)CC1,500.0,1
CHEMBL5805937,Cc1n[nH]c2ncc(-c3cncc(NC4CCN(CCO)CC4)n3)cc12,500.0,1
CHEMBL3893495,COC(=O)c1nc2ccc3ncnc(Nc4ccc5c(c4)OCO5)c3c2s1,500.0,1
CHEMBL6055053,CN(CC1CCOCC1)c1cncc(-c2cnc3[nH]cc(Cl)c3c2)n1,500.0,1
CHEMBL6060291,CN1CCN(Cc2cccc(-c3cnc4[nH]ccc4c3)c2)CC1,500.0,1
CHEMBL6032955,CN1CCN(c2cncc(-c3cnc4[nH]ccc4c3)n2)CC1,500.0,1
CHEMBL3930050,COC(=N)c1nc2ccc3ncnc(Nc4ccc(O)cc4)c3c2s1,500.0,1
CHEMBL5771542,CN(CC1CCOCC1)c1cncc(-c2cnc3[nH]ccc3c2)n1,500.0,1
CHEMBL5406672,COC[C@@H](CC(C)C)NC1=N/C(=C\c2ccc3ncsc3c2)C(=O)N1C1CC1,505.9,1
CHEMBL2295954,CC(C)C[C@@H](O)Nc1nc(Nc2ccc(-c3cncnc3)cc2)c2ncn(C(C)C)c2n1,510.0,1
CHEMBL4071013,OCCN1CCN(c2ccc3ncc(-c4cccc(Cl)c4)n3n2)CC1,510.0,1
CHEMBL5415615,CN1CCC(NC2=N/C(=C\c3ccc4ncsc4c3)C(=O)N2)CC1,511.0,1
CHEMBL5421052,COC[C@@H](CC(C)C)NC1=N/C(=C\c2ccc3nc(C)sc3c2)C(=O)N1C,511.0,1
CHEMBL4859322,c1cnn2ncc(-c3ccnc(N4CC5(COC5)C4)n3)c2c1,512.86,1
CHEMBL5565846,c1cc(-c2cnc3nccn3c2)ccn1,513.0,1
CHEMBL5420670,CN1CCCC(NC2=N/C(=C\c3ccc4ncsc4c3)C(=O)N2)C1,515.0,1
CHEMBL5410738,Cc1nc2ccc(/C=C3\N=C(NC4CCCCC4)NC3=O)cc2s1,521.0,1
CHEMBL36327,O=C(O[C@@H]1Cc2c(O)cc(O)cc2O[C@@H]1c1ccc(O)c(O)c1)c1cc(O)c(O)c(O)c1,523.0,1
CHEMBL4468753,Nc1nccc(-c2cnn3ncccc23)n1,524.81,1
CHEMBL5403328,CC(=O)/C=C1\Sc2ccc(O)cc2N1Cc1ccccc1,529.0,1
CHEMBL5176894,COc1ccc(/C=C2\SC(=S)NC2=O)cc1C#C[Si](C)(c1ccccc1)c1ccccc1,530.0,1
CHEMBL5173265,O=C1NC(Nc2ccc(N3CCNCC3)cc2)=N/C1=C\c1ccc2c(c1)OC=CO2,530.0,1
CHEMBL3426272,Nc1nccc(-c2cn(S(=O)(=O)c3ccc(C(F)(F)F)cc3[N+](=O)[O-])c3ccc(Br)cc23)n1,530.0,1
CHEMBL1765714,O=c1ccc2cnc3ccc(-c4cn[nH]c4)cc3c2n1-c1ccc(F)cc1C(F)(F)F,532.0,1
CHEMBL5908115,COc1ccc(Nc2ccncc2-c2nc3cc(OC)ccc3s2)c(Cl)c1,534.0,1
CHEMBL1515868,c1nc(NCCc2c[nH]cn2)c2cc(-c3ccc4c(c3)OCO4)ccc2n1,541.0,1
CHEMBL5173568,Cc1c(C(=O)O[C@@H]2Cc3c(O)cc(O)cc3O[C@H]2c2cc(O)c(O)c(O)c2)ccc(O)c1O,553.0,1
CHEMBL1476609,Cc1ccsc1CN(C)c1ncnc2ccc(-c3ccc(CO)o3)cc12,557.0,1
CHEMBL2392359,COc1ccc(-c2ccnc(NCc3ccc(Cl)cc3)n2)cc1,558.0,1
CHEMBL4758817,CC1(C)Cc2cc(OC3CCNCC3)ccc2-c2ncnc(N)c21,560.0,1
CHEMBL5567330,COc1ccc2c(c1)N(CCN(C)C)/C(=C/C(C)=O)S2.O=C(O)/C=C/C(=O)O,561.0,1
CHEMBL5436022,Nc1ccc(-c2c[nH]c3ncc(NCc4cc(F)cc(F)c4)cc23)cc1,561.0,1
CHEMBL4741919,CN1CCC(c2cccc(-c3coc4ccc(-c5cnn(C)c5)nc34)c2)CC1,568.0,1
CHEMBL5396119,Cn1cc2cc(/C=C3\N=C(NC4CCCCC4)NC3=O)ccc2n1,570.0,1
CHEMBL5560657,FC(F)(F)Oc1cccc(-c2cnc3ccc(N4CCOCC4)nn23)c1,579.0,1
CHEMBL4090223,CSc1ccc2ncc(-c3ccc4[nH]ccc4c3)n2n1,580.0,1
CHEMBL5089643,CN1Cc2nn(C)c(C#N)c2-c2cnc3[nH]nc(c3c2)-c2cn(nc2C(F)(F)F)CCCC1=O,582.0,1
CHEMBL5437649,CC(C)(C)C(=O)OC12CC3CC(CC(NC4=N/C(=C\c5ccc6ncsc6c5)C(=O)N4)(C3)C1)C2,582.0,1
CHEMBL5567885,COc1cc(-c2ccc3ncc(-c4cccc(OC(F)(F)F)c4)n3n2)ccn1,584.0,1
CHEMBL48082,Nc1nccc(-c2c[nH]c3ccccc23)n1,588.0,1
CHEMBL5412760,Nc1ncc(-c2c[nH]c3ncc(NCc4cc(F)cc(F)c4)cc23)cn1,590.0,1
CHEMBL5781607,CNC(=O)c1ccc2sc(-c3cc(NC(C)=O)ccn3)nc2c1,593.0,1
CHEMBL1770624,CCNCc1ccc(-c2ccc3ncnc(NCC(C)(C)C)c3c2)o1,594.0,1
CHEMBL511636,O=C1NN(c2ccc(Cl)c(Cl)c2)C(=O)/C1=C/c1ccc(O)c([N+](=O)[O-])c1,600.0,1
CHEMBL498718,COc1cc(/C=C2\C(=O)NN(c3ccc(C#N)cc3)C2=O)ccc1O,600.0,1
CHEMBL3884932,COc1ccc2[nH]c3c4c(OC)cncc4cc(C#N)c3c2c1,600.0,1
CHEMBL4285776,Cc1cc(=O)oc2cc3cc(O)ccc3cc12,600.0,2
CHEMBL485053,CN1C(=O)/C(=C/c2ccc3c(c2)OCO3)N=C1N,600.0,3
CHEMBL3193172,O=C1OCC/C1=C\c1ccc2c(c1)OCO2,600.0,1
CHEMBL3884627,COc1cccc2c1[nH]c1c3ccncc3cc(C(N)=O)c21,600.0,1
CHEMBL4747967,CC(=O)Nc1nc2cc(O)ccc2s1,600.0,2
CHEMBL3338893,COc1ccc(Nc2cc(-c3ccncc3)n[nH]c2=O)cc1,610.0,1
CHEMBL4285559,Nc1ccc(-c2cc(-c3cccnc3)cs2)cn1,614.3,1
CHEMBL4293650,COc1cc(-c2cc(=O)c3c(O)cc(O)c(C/C=C(\C)CCC=C(C)C)c3o2)ccc1O,620.0,1
CHEMBL5437446,O=C1NC(Nc2cccc(C(F)(F)F)c2)=N/C1=C\c1ccc2ncsc2c1,624.0,1
CHEMBL5434213,O=C1NC(N[C@@H]2CN3CCC2CC3)=N/C1=C\c1ccc2ncsc2c1,629.0,1
CHEMBL5175458,O=C1NC(N2CCCC2)=N/C1=C\c1ccc2c(c1)OCO2,630.0,1
CHEMBL4871570,COc1ccc(-c2cnc3[nH]nc(-c4cccc(NC(C)=O)c4)c3c2)cc1OC,632.0,1
CHEMBL5970438,COc1ccc2sc(-c3cnccc3NC3CCNCC3)nc2c1,637.0,1
CHEMBL4866954,CC(=O)Nc1cccc(-c2n[nH]c3ncc(Br)cc23)c1,638.0,1
CHEMBL6050816,CC(=O)Nc1cncc(-c2nc3c4c(ccc3s2)OCC4)c1,644.0,1
CHEMBL5837015,COc1ccc2sc(-c3cnccc3NC3CCN(C(N)=O)CC3)nc2c1,644.0,1
CHEMBL2295948,CCC[C@H](O)Nc1nc(Nc2ccc(-c3ncccn3)cc2)c2ncn(C(C)C)c2n1,650.0,1
CHEMBL4076448,O=Cc1cccc(-c2cnc3ccc(Cl)nn23)c1,650.0,1
CHEMBL5416749,Fc1cccc(/C=N/c2cnc3[nH]cc(-c4cncc(F)c4)c3c2)c1,653.0,1
CHEMBL5937475,CC(=O)Nc1cncc(-c2nc3cc(O)ccc3s2)c1,658.0,1
CHEMBL5094650,COc1ccc(-c2ccnc(C)c2)cc1,670.0,1
CHEMBL3884845,COc1ccc2c(c1)[nH]c1c3ccncc3cc(CN(C)C)c21,670.0,1
CHEMBL4852454,CN(C)c1cc(-c2cnn3ncccc23)ccn1,676.08,1
CHEMBL5426335,FC(F)(F)c1cccc(CNc2cnc3[nH]cc(-c4cccnc4)c3c2)c1,689.0,1
CHEMBL4874991,CN(C)c1nccc(-c2cnc3ccccn23)n1,691.83,1
CHEMBL3775754,O=C1NC(=S)N/C1=C\c1ccc2ncsc2c1,700.0,1
CHEMBL1213041,CC(=O)Nc1nc2ccc([N+](=O)[O-])cc2s1,700.0,1
CHEMBL5193292,O=C1NC(Nc2ccc(N3CCCCC3)cc2)=N/C1=C\c1ccc2c(c1)OCO2,700.0,1
CHEMBL3219059,COc1ccc2[nH]c(-c3cccc(O)c3)c(-c3ccncc3)c2n1,700.0,1
CHEMBL2089032,CC(C)n1cnc2c(NCc3ccc(-c4ccccn4)cc3)nc(NC[C@@H](O)CO)nc21,710.0,1
CHEMBL5209464,CCCCCOc1ccc(NC2=N/C(=C\c3ccc4c(c3)OCO4)C(=O)N2)cc1,710.0,1
CHEMBL2295941,CC(C)CC[C@H](O)Nc1nc(Nc2cccc(-c3ncccn3)c2)c2ncn(C(C)C)c2n1,710.0,1
CHEMBL4082981,CC[C@@H](CO)Nc1ccc2ncc(-c3cc4cc(Br)ccc4[nH]3)n2n1,710.0,1
CHEMBL4877686,Cc1ccnn2ncc(-c3ccnc(N(C)C)n3)c12,724.44,1
CHEMBL4870311,CCCN(c1nccc(-c2cnn3ncccc23)n1)C(C)C,758.58,1
CHEMBL5397989,Fc1cc(F)cc(CNc2cnc3[nH]cc(-c4ccc(C(F)(F)F)cc4)c3c2)c1,765.0,1
CHEMBL5401764,O=C1NC(NC2CCCCCC2)=N/C1=C\c1ccc2nnsc2c1,774.0,1
CHEMBL3094446,COc1ncc2cc(C(=O)Nc3cc(C(=O)Nc4ccccc4)ccc3Cl)c(=O)[nH]c2n1,780.0,1
CHEMBL2314464,CC(C)[C@H](CO)Nc1nc(Nc2ccncc2)c2ncn(C(C)C)c2n1,780.0,1
CHEMBL5816453,COc1ccc2sc(-c3cnccc3NC3CCN(C(=O)OC(C)(C)C)CC3)nc2c1,789.0,1
CHEMBL2089035,CC(C)n1cnc2c(NCc3ccc(-c4ccccn4)cc3)nc(NCC[C@H](O)CO)nc21,790.0,1
CHEMBL4066075,N#Cc1cccc2c(-c3ccnc(N)c3)c[nH]c12,790.0,1
CHEMBL5640025,CC(C)n1cnc2c(NCc3ccc(F)c(F)c3)nc(N3CCC(C4CCN(CCO)CC4)CC3)nc21,790.0,1
CHEMBL3094457,COc1ncc2cc(C(=O)Nc3cc(C(=O)NC(CCCCN)c4ccccc4)ccc3Cl)c(=O)[nH]c2n1,797.0,1
CHEMBL2295950,CC(C)C[C@H](O)Nc1nc(Nc2ccc(-c3ncccn3)cc2)c2ncn(C(C)C)c2n1,800.0,1
CHEMBL2314467,CC[C@@H](CO)Nc1nc(Nc2ccncc2)c2ncn(C(C)C)c2n1,800.0,1
CHEMBL4171089,COc1cc(N2CCN(C)CC2)ccc1Nc1nc(N)c(C(=O)c2ccccc2)s1,800.0,1
CHEMBL5849306,COc1ccc2sc(-c3cnccc3Nc3ccccc3)nc2c1,808.0,1
CHEMBL5566314,c1cc(-c2ccc3ncc(C4CCOCC4)n3n2)ccn1,815.0,1
CHEMBL3133768,Nc1nccc(-c2cn(C(=O)c3ccccc3)c3ccc(Br)cc23)n1,830.0,1
CHEMBL408982,CCN1/C(=C/C(C)=O)Sc2ccc(OC)cc21,830.0,9
CHEMBL3219062,COc1ccc2[nH]c(-c3ccc4cc(O)ccc4c3)c(-c3ccncc3)c2n1,840.0,1
CHEMBL3885335,COc1ccc2[nH]cc(-c3cc4cnccc4cc3NC(C)=O)c2c1,850.0,1
CHEMBL3884250,COc1cccc2[nH]c3c4ccncc4cc(C#N)c3c12,850.0,1
CHEMBL4174335,COc1ccc2c(c1)[nH]c1c(C(C)O)nccc12,858.0,1
CHEMBL5432464,CC(C)(C)OC(=O)N1CCC(CNC2=N/C(=C\c3ccc4ncsc4c3)C(=O)N2)CC1,858.0,1
CHEMBL5438852,CN(C)CC(NC1=N/C(=C\c2ccc3ncsc3c2)C(=O)N1)c1ccccc1,866.0,1
CHEMBL4100956,CC[C@@H](CO)Nc1ccc2ncc(-c3cccnc3)n2n1,870.0,1
CHEMBL3885328,COc1ccc2c(c1)[nH]c1c3ccncc3cc(CN)c21,870.0,1
CHEMBL4875779,Cc1ccc2c(-c3ccnc(N(C)C)n3)cnn2n1,870.96,1
CHEMBL5639770,CC(C)n1cnc2c(NCc3ccccc3)nc(N3CCC(C4CCN(CCO)CC4)CC3)nc21,877.0,1
CHEMBL3774696,O=C1OCC/C1=C\c1ccc2c(c1)OCCO2,880.0,1
CHEMBL5412688,COc1cccc(CN2/C(=C/C(C)=O)Sc3ccc(O)cc32)c1,883.0,1
CHEMBL5408228,CC(=O)/C=C1\Sc2ccc(O)cc2N1Cc1cccc(Cl)c1,885.0,1
CHEMBL608533,CO[C@@H]1[C@H](N(C)C(=O)c2ccccc2)C[C@H]2O[C@]1(C)n1c3ccccc3c3c4c(c5c6ccccc6n2c5c31)C(=O)NC4,886.5,1
CHEMBL2089033,CC(C)n1cnc2c(NCc3ccc(-c4ccccn4)cc3)nc(N[C@@H]3CCC[C@H](O)[C@@H]3O)nc21,890.0,1
CHEMBL4859397,CN(C)c1nccc(-c2cnn3ccccc23)n1,891.25,1
CHEMBL319467,NS(=O)(=O)c1ccc(Nc2nc(OCC3CCCCC3)c3nc[nH]c3n2)cc1,900.0,2
CHEMBL1615221,CC[C@@H](CO)Nc1nc(NCc2ccc(-c3ccccn3)cc2)c2ncn(C(C)C)c2n1,900.0,1
CHEMBL6159896,Oc1ccc(-c2cnc3cnc(-c4ccc(O)cc4)nc3c2)cc1,900.0,1
CHEMBL2314465,CC(C)[C@@H](CO)Nc1nc(Nc2ccncc2)c2ncn(C(C)C)c2n1,900.0,1
CHEMBL3335365,COc1ccc2sc(C(=O)N(C)OC)cc2c1,900.0,1
CHEMBL1997924,c1ccc(CNc2nc(Nc3cc(C4CC4)[nH]n3)c3sccc3n2)cc1,903.0,1
CHEMBL5846084,COc1ccc2sc(-c3cncc(NC(=O)C(C)C)c3)nc2c1,904.0,1
CHEMBL4864447,CN(C)c1cccc(-c2cnn3ncccc23)n1,912.01,1
CHEMBL5169649,O=C1NC(Nc2ccc(Oc3ccccc3)cc2)=N/C1=C\c1ccc2c(c1)OCO2,920.0,1
CHEMBL1397614,CN(Cc1ncc[nH]1)c1ncnc2ccc(-c3ccc4c(c3)OCO4)cc12,922.0,1
CHEMBL5751233,COc1ccc2sc(-c3cnccc3CS(N)(=O)=O)nc2c1,922.0,1
CHEMBL3775193,O=C1OCC/C1=C\c1ccc2c(c1)CCCO2,930.0,1
CHEMBL4067420,COc1ccc2ncc(-c3ccnc(SC)n3)n2n1,930.0,1
CHEMBL4539999,COc1ccc2c3ccnc(C)c3n(CCCC(=O)O)c2c1.Cl,950.0,1
CHEMBL4858250,COc1cccc(-c2n[nH]c3ncc(Nc4cccc(O)c4)cc23)c1,950.0,1
CHEMBL5426876,COC[C@@H](CC(C)C)NC1=N/C(=C\c2ccc3nnsc3c2)C(=O)N1C,950.0,1
CHEMBL5418042,O=C1NC(NC23CC4CC(CC(C4)C2)C3)=N/C1=C\c1ccc2[nH]ccc2c1,957.0,1
CHEMBL3775821,O=C1OCC/C1=C\c1ccc2c(c1)CCO2,960.0,1
CHEMBL3885360,COc1ccc2c(c1)[nH]c1c3ccncc3cc(CNC(C)=O)c21,970.0,1
CHEMBL4159193,COc1ccc2c(c1)[nH]c1c(C)nc(C)cc12,971.0,1
CHEMBL4863460,CN(C)c1nccc(-c2cn(C)c3cnccc23)n1,977.24,1
CHEMBL5416086,CC(C)(C)c1cccc(CNc2cnc3[nH]cc(-c4cccnc4)c3c2)c1,988.0,1
CHEMBL2295945,CC(C)C[C@@H](O)Nc1nc(Nc2cccc(-c3cncnc3)c2)c2ncn(C(C)C)c2n1,1000.0,1
CHEMBL4549667,CN1C(=O)[C@@H](N2CCc3c(nn(Cc4ccccc4)c3Br)C2=O)COc2ccccc21,1000.0,1
CHEMBL2311568,CC(C)n1c(C(CO)CO)nc2c(Nc3ccnnc3)ncnc21,1000.0,1
CHEMBL4097778,CN1C(=O)[C@@H](N2CCc3cn(CC4CCS(=O)(=O)CC4)nc3C2=O)COc2ccccc21,1000.0,1
CHEMBL4103030,CCS(=O)(=O)c1ccc(OC)c(Nc2ncc(-c3ccc4cc(OC)ccc4c3)o2)c1,1000.0,1
CHEMBL4069158,CSc1ccc2ncc(-c3cccc(C(F)(F)F)c3)n2n1,1000.0,1
CHEMBL2314473,CC[C@H](CO)Nc1nc(Nc2cccnc2)c2ncn(C(C)C)c2n1,1000.0,1
CHEMBL2314455,CC(C)[C@H](CO)Nc1nc(Nc2ccncn2)c2ncn(C(C)C)c2n1,1000.0,1
CHEMBL177820,Brc1c(Br)c(Br)c2[nH]nnc2c1Br,1000.0,1
CHEMBL4088216,CN1C(=O)[C@@H](N2CCc3cn(Cc4ccccc4)nc3C2=O)COc2ccccc21,1000.0,1
MANUAL_L41,O=C1N=C(Nc2ccccc2)N/C1=C\c1ccc2c(c1)OCO2,40.0,1
